"","GEOID","cov_cases","cov_deaths"
"1","01001",684,15
"2","01003",1224,12
"3","01005",398,2
"4","01007",224,1
"5","01009",307,1
"6","01011",382,11
"7","01013",654,29
"8","01015",500,5
"9","01017",690,27
"10","01019",128,7
"11","01021",331,3
"12","01023",213,12
"13","01025",313,6
"14","01027",85,2
"15","01029",42,1
"16","01031",429,4
"17","01033",505,6
"18","01035",232,8
"19","01037",65,1
"20","01039",437,13
"21","01041",131,3
"22","01043",581,6
"23","01045",394,1
"24","01047",1009,9
"25","01049",951,7
"26","01051",1047,20
"27","01053",480,8
"28","01055",964,14
"29","01057",85,1
"30","01059",937,16
"31","01061",96,0
"32","01063",195,9
"33","01065",353,23
"34","01067",154,4
"35","01069",600,9
"36","01071",422,3
"37","01073",6504,172
"38","01075",88,1
"39","01077",571,6
"40","01079",128,0
"41","01081",1611,38
"42","01083",628,4
"43","01085",485,24
"44","01087",221,9
"45","01089",2150,10
"46","01091",354,11
"47","01093",279,14
"48","01095",1942,11
"49","01097",4778,144
"50","01099",258,4
"51","01101",4478,114
"52","01103",1283,5
"53","01105",236,2
"54","01107",272,6
"55","01109",478,5
"56","01111",260,9
"57","01113",683,0
"58","01117",1674,25
"59","01115",528,3
"60","01119",292,13
"61","01121",406,8
"62","01123",637,70
"63","01125",2654,55
"64","01127",1077,31
"65","01129",144,8
"66","01131",306,8
"67","01133",300,5
"68","02013",2,0
"69","02016",6,0
"70","02020",733,8
"71","02050",15,0
"72","02060",53,0
"73","02068",1,0
"74","02070",21,0
"75","02090",243,2
"76","02100",6,0
"77","02110",54,2
"78","02122",211,1
"79","02130",32,0
"80","02150",10,0
"81","02158",2,0
"82","02164",3,0
"83","02170",137,2
"84","02180",15,0
"85","02185",4,0
"86","02188",6,0
"87","02195",8,0
"88","02198",3,0
"89","02220",18,0
"90","02240",23,0
"91","02261",27,0
"92","02275",8,0
"93","02290",7,0
"94","04001",2551,101
"95","04003",1020,22
"96","04005",2427,98
"97","04007",439,12
"98","04009",201,3
"99","04011",32,1
"100","04012",398,7
"101","04013",78481,1093
"102","04015",1807,97
"103","04017",4279,134
"104","04019",11443,326
"105","04021",5513,84
"106","04023",2170,30
"107","04025",1082,11
"108","04027",8148,139
"109","05001",56,0
"110","05003",97,3
"111","05005",29,0
"112","05007",3416,22
"113","05009",46,1
"114","05011",75,2
"115","05013",2,0
"116","05015",225,6
"117","05017",210,3
"118","05019",75,0
"119","05021",80,3
"120","05023",130,4
"121","05025",35,0
"122","05027",107,5
"123","05029",89,3
"124","05031",541,7
"125","05033",270,2
"126","05035",833,14
"127","05037",95,1
"128","05039",10,0
"129","05041",79,1
"130","05043",89,2
"131","05045",757,3
"132","05047",30,1
"133","05049",17,0
"134","05051",320,3
"135","05053",53,0
"136","05055",147,0
"137","05057",76,1
"138","05059",1213,1
"139","05061",135,1
"140","05063",71,0
"141","05065",25,1
"142","05067",41,0
"143","05069",850,29
"144","05071",363,0
"145","05073",24,2
"146","05075",115,9
"147","05077",825,3
"148","05079",1048,11
"149","05081",42,0
"150","05083",77,0
"151","05085",194,1
"152","05087",222,1
"153","05089",13,0
"154","05091",254,2
"155","05093",304,3
"156","05095",20,0
"157","05097",8,0
"158","05099",109,3
"159","05101",8,0
"160","05103",33,0
"161","05105",33,0
"162","05107",172,5
"163","05109",23,0
"164","05111",72,3
"165","05113",86,0
"166","05115",641,4
"167","05117",28,0
"168","05119",2886,65
"169","05121",75,1
"170","05125",458,3
"171","05127",16,0
"172","05129",16,0
"173","05131",806,7
"174","05133",800,9
"175","05135",64,5
"176","05123",903,3
"177","05137",22,1
"178","05139",273,14
"179","05141",35,2
"180","05143",4456,36
"181","05145",128,2
"182","05147",12,0
"183","05149",828,5
"184","06001",7746,148
"185","06003",1,0
"186","06005",38,0
"187","06007",338,4
"188","06009",67,0
"189","06011",113,0
"190","06013",4605,89
"191","06015",60,0
"192","06017",307,0
"193","06019",8282,88
"194","06021",157,0
"195","06023",168,4
"196","06025",7827,134
"197","06027",35,1
"198","06029",6349,97
"199","06031",2918,39
"200","06033",108,1
"201","06035",275,0
"202","06037",130242,3793
"203","06039",914,8
"204","06041",3101,23
"205","06043",31,1
"206","06045",113,0
"207","06047",1884,12
"208","06051",50,1
"209","06053",2540,18
"210","06055",497,4
"211","06057",163,1
"212","06059",23692,412
"213","06061",1055,11
"214","06063",12,0
"215","06065",25481,537
"216","06067",5338,81
"217","06069",354,2
"218","06071",18912,304
"219","06073",19434,422
"220","06075",4429,50
"221","06077",6279,68
"222","06079",905,4
"223","06081",3949,112
"224","06083",4177,31
"225","06085",5983,167
"226","06087",568,3
"227","06089",195,6
"228","06091",1,0
"229","06093",41,0
"230","06095",2080,28
"231","06097",1703,16
"232","06099",4781,51
"233","06101",388,4
"234","06103",107,1
"235","06105",3,0
"236","06107",5678,152
"237","06109",64,0
"238","06111",4416,53
"239","06113",884,28
"240","06115",192,3
"241","08001",4719,158
"242","08003",204,6
"243","08005",5627,349
"244","08007",12,0
"245","08009",14,0
"246","08011",4,0
"247","08013",1522,73
"248","08014",341,30
"249","08015",93,19
"250","08017",5,0
"251","08019",21,1
"252","08021",18,0
"253","08023",22,0
"254","08025",71,1
"255","08027",3,0
"256","08029",83,1
"257","08031",7832,394
"258","08035",1134,52
"259","08037",761,8
"260","08041",3051,115
"261","08039",62,2
"262","08043",43,0
"263","08045",403,3
"264","08047",8,0
"265","08049",27,1
"266","08051",192,6
"267","08053",3,0
"268","08055",4,1
"269","08057",7,0
"270","08059",3007,215
"271","08063",36,3
"272","08067",134,1
"273","08065",54,0
"274","08069",899,30
"275","08071",9,0
"276","08073",4,0
"277","08075",641,5
"278","08077",140,0
"279","08079",16,0
"280","08081",15,1
"281","08083",77,3
"282","08085",218,12
"283","08087",656,46
"284","08089",23,1
"285","08091",12,1
"286","08093",33,0
"287","08095",16,0
"288","08097",130,2
"289","08099",36,0
"290","08101",430,31
"291","08103",6,0
"292","08105",80,2
"293","08107",81,6
"294","08109",103,2
"295","08111",2,0
"296","08113",48,0
"297","08117",293,4
"298","08119",60,2
"299","08121",46,0
"300","08123",2988,138
"301","08125",54,0
"302","09001",16906,1380
"303","09003",11892,1385
"304","09005",1510,137
"305","09007",1335,187
"306","09009",12532,1079
"307","09011",1322,102
"308","09013",928,64
"309","09015",632,14
"310","10001",1829,92
"311","10003",5732,249
"312","10005",5076,176
"313","11001",10801,568
"314","12001",2043,12
"315","12003",151,4
"316","12005",1107,8
"317","12007",130,2
"318","12009",3237,28
"319","12011",28253,455
"320","12013",152,7
"321","12015",1074,78
"322","12017",523,14
"323","12019",1403,36
"324","12021",5968,94
"325","12023",462,4
"326","12027",830,11
"327","12029",106,4
"328","12031",12287,76
"329","12033",3662,53
"330","12035",473,5
"331","12037",31,0
"332","12039",573,8
"333","12041",134,0
"334","12043",200,1
"335","12045",88,0
"336","12047",417,2
"337","12049",596,4
"338","12051",1163,28
"339","12053",818,7
"340","12055",517,13
"341","12057",18360,187
"342","12059",225,0
"343","12061",1158,20
"344","12063",581,2
"345","12065",80,4
"346","12067",53,0
"347","12069",2394,27
"348","12071",8847,186
"349","12073",2245,8
"350","12075",255,2
"351","12077",273,1
"352","12079",320,4
"353","12081",4632,138
"354","12083",1403,15
"355","12085",2680,40
"356","12086",60867,1132
"357","12087",544,6
"358","12089",482,2
"359","12091",1129,10
"360","12093",518,2
"361","12095",16629,79
"362","12097",3861,31
"363","12099",19845,594
"364","12101",3748,28
"365","12103",10596,229
"366","12105",6983,138
"367","12107",695,7
"368","12113",1142,11
"369","12115",2641,100
"370","12117",4083,23
"371","12109",1788,12
"372","12111",2739,61
"373","12119",622,18
"374","12121",724,22
"375","12123",130,1
"376","12125",109,2
"377","12127",3634,77
"378","12129",122,1
"379","12131",538,9
"380","12133",151,13
"381","13001",340,14
"382","13003",194,2
"383","13005",301,5
"384","13007",44,3
"385","13009",647,35
"386","13011",153,1
"387","13013",625,27
"388","13015",926,42
"389","13017",229,1
"390","13019",170,0
"391","13021",1663,42
"392","13023",87,1
"393","13025",137,3
"394","13027",223,11
"395","13029",243,5
"396","13031",609,6
"397","13033",168,7
"398","13035",339,35
"399","13037",169,6
"400","13039",265,2
"401","13043",88,0
"402","13045",1024,40
"403","13047",357,8
"404","13049",99,2
"405","13051",2452,38
"406","13053",463,0
"407","13055",80,2
"408","13057",1734,48
"409","13059",925,15
"410","13061",61,2
"411","13063",2759,82
"412","13065",115,3
"413","13067",6940,253
"414","13069",920,17
"415","13071",1265,20
"416","13073",829,12
"417","13075",238,4
"418","13077",881,16
"419","13079",57,0
"420","13081",309,13
"421","13083",79,1
"422","13085",173,3
"423","13089",8144,181
"424","13087",310,8
"425","13091",138,2
"426","13093",220,13
"427","13095",2146,156
"428","13097",1388,39
"429","13099",306,31
"430","13101",192,0
"431","13103",273,1
"432","13105",172,0
"433","13107",209,3
"434","13109",48,0
"435","13111",123,1
"436","13113",509,19
"437","13115",716,15
"438","13117",1123,15
"439","13119",250,1
"440","13121",10354,324
"441","13123",239,2
"442","13125",14,0
"443","13127",1529,9
"444","13129",519,18
"445","13131",251,4
"446","13133",117,10
"447","13135",11074,182
"448","13137",759,41
"449","13139",3774,63
"450","13141",227,33
"451","13143",105,5
"452","13145",421,12
"453","13147",109,0
"454","13149",80,3
"455","13151",1749,34
"456","13153",966,30
"457","13155",101,1
"458","13157",512,12
"459","13159",88,1
"460","13161",154,3
"461","13163",192,2
"462","13165",138,13
"463","13167",125,2
"464","13169",133,0
"465","13171",147,6
"466","13173",165,3
"467","13175",362,1
"468","13177",418,22
"469","13179",238,1
"470","13181",62,2
"471","13183",68,1
"472","13185",1830,18
"473","13187",165,4
"474","13193",138,9
"475","13195",162,4
"476","13197",99,3
"477","13189",150,8
"478","13191",79,1
"479","13199",248,3
"480","13201",60,0
"481","13205",488,40
"482","13207",229,19
"483","13209",52,0
"484","13211",78,0
"485","13213",290,2
"486","13215",2698,56
"487","13217",876,15
"488","13219",227,13
"489","13221",105,7
"490","13223",838,16
"491","13225",145,10
"492","13227",113,5
"493","13229",250,5
"494","13231",113,3
"495","13233",319,1
"496","13235",60,2
"497","13237",212,12
"498","13239",22,1
"499","13241",71,3
"500","13243",212,25
"501","13245",1563,60
"502","13247",679,10
"503","13249",29,1
"504","13251",108,7
"505","13253",55,2
"506","13255",555,33
"507","13257",303,6
"508","13259",212,3
"509","13261",607,50
"510","13263",93,3
"511","13265",2,0
"512","13267",191,0
"513","13269",35,2
"514","13271",175,3
"515","13273",245,28
"516","13275",586,32
"517","13277",969,28
"518","13279",321,5
"519","13281",65,1
"520","13283",46,1
"521","13285",1744,38
"522","13287",189,18
"523","13289",41,1
"524","13291",99,4
"525","13293",387,45
"526","13295",372,12
"527","13297",538,29
"528","13299",622,16
"529","13301",30,0
"530","13303",183,1
"531","13305",158,0
"532","13307",31,2
"533","13309",57,0
"534","13311",169,4
"535","13313",1765,15
"536","13315",134,15
"537","13317",98,1
"538","13319",113,9
"539","13321",354,22
"540","15001",100,0
"541","15003",905,13
"542","15007",43,0
"543","15009",133,6
"544","16001",3975,25
"545","16003",12,0
"546","16005",163,1
"547","16007",3,0
"548","16009",29,0
"549","16011",94,1
"550","16013",549,5
"551","16015",8,0
"552","16017",59,0
"553","16019",202,1
"554","16021",5,0
"555","16025",1,0
"556","16027",2010,11
"557","16029",20,0
"558","16031",323,1
"559","16035",5,0
"560","16037",6,0
"561","16039",91,2
"562","16041",34,0
"563","16043",11,0
"564","16045",57,0
"565","16047",84,0
"566","16049",13,0
"567","16051",31,0
"568","16053",296,5
"569","16055",678,1
"570","16057",37,0
"571","16059",3,0
"572","16063",43,0
"573","16065",67,0
"574","16067",264,0
"575","16069",108,19
"576","16071",8,0
"577","16073",87,0
"578","16075",172,2
"579","16077",22,0
"580","16079",8,0
"581","16081",35,0
"582","16083",816,26
"583","16085",24,0
"584","16087",131,2
"585","17001",167,1
"586","17003",24,0
"587","17005",20,1
"588","17007",635,21
"589","17009",10,0
"590","17011",37,2
"591","17013",1,0
"592","17015",20,2
"593","17017",138,8
"594","17019",1038,17
"595","17021",50,5
"596","17023",40,0
"597","17025",5,0
"598","17027",247,17
"599","17029",190,17
"600","17031",95138,4711
"601","17033",20,0
"602","17035",29,0
"603","17039",18,0
"604","17037",653,20
"605","17041",61,0
"606","17043",9641,485
"607","17045",19,0
"608","17047",5,0
"609","17049",30,1
"610","17051",24,3
"611","17053",42,1
"612","17055",45,0
"613","17057",16,0
"614","17059",6,0
"615","17061",8,0
"616","17063",193,5
"617","17065",7,0
"618","17067",20,1
"619","17069",2,0
"620","17071",8,0
"621","17073",111,1
"622","17075",175,5
"623","17077",351,19
"624","17079",47,7
"625","17081",114,17
"626","17083",40,1
"627","17085",54,1
"628","17087",27,0
"629","17089",8139,281
"630","17091",1465,66
"631","17093",1099,23
"632","17095",168,0
"633","17099",254,17
"634","17097",10318,428
"635","17101",12,0
"636","17103",105,2
"637","17105",54,2
"638","17107",20,0
"639","17115",250,22
"640","17117",67,3
"641","17119",1167,70
"642","17121",77,0
"643","17123",12,0
"644","17125",24,0
"645","17127",16,0
"646","17109",106,15
"647","17111",2303,103
"648","17113",315,15
"649","17129",31,0
"650","17131",29,0
"651","17133",155,13
"652","17135",73,0
"653","17137",134,3
"654","17139",24,0
"655","17141",307,5
"656","17143",644,30
"657","17145",61,1
"658","17147",21,0
"659","17149",6,0
"660","17151",1,0
"661","17153",84,0
"662","17155",1,0
"663","17157",310,7
"664","17159",9,0
"665","17161",1195,30
"666","17165",16,0
"667","17167",519,34
"668","17169",13,0
"669","17171",1,0
"670","17173",20,1
"671","17163",2471,144
"672","17175",6,0
"673","17177",283,6
"674","17179",172,8
"675","17181",205,19
"676","17183",89,2
"677","17185",23,0
"678","17187",149,0
"679","17189",25,0
"680","17191",18,1
"681","17193",10,0
"682","17195",209,15
"683","17197",7223,325
"684","17199",155,4
"685","17201",3156,105
"686","17203",46,2
"687","18001",50,2
"688","18003",2958,144
"689","18005",603,48
"690","18007",51,0
"691","18009",44,2
"692","18011",500,47
"693","18013",43,1
"694","18015",114,2
"695","18017",1647,10
"696","18019",710,51
"697","18021",64,5
"698","18023",291,4
"699","18025",34,1
"700","18027",152,19
"701","18033",170,5
"702","18029",259,24
"703","18031",273,35
"704","18035",473,53
"705","18037",304,6
"706","18039",3625,63
"707","18041",159,7
"708","18043",408,46
"709","18045",35,2
"710","18047",135,9
"711","18049",73,1
"712","18051",120,2
"713","18053",445,29
"714","18055",199,35
"715","18057",1713,107
"716","18059",472,37
"717","18061",219,24
"718","18063",1478,116
"719","18065",305,18
"720","18067",603,61
"721","18069",95,2
"722","18071",482,4
"723","18073",136,2
"724","18075",75,0
"725","18077",87,2
"726","18079",181,14
"727","18081",1370,126
"728","18083",72,0
"729","18085",580,5
"730","18087",486,9
"731","18091",618,28
"732","18089",5627,264
"733","18093",253,26
"734","18095",685,74
"735","18097",12151,739
"736","18099",544,9
"737","18101",26,0
"738","18103",196,2
"739","18105",342,30
"740","18107",299,21
"741","18109",353,34
"742","18111",101,11
"743","18113",517,29
"744","18115",23,0
"745","18117",139,25
"746","18119",52,1
"747","18121",32,0
"748","18123",158,11
"749","18125",11,0
"750","18127",834,40
"751","18129",57,0
"752","18131",67,1
"753","18133",178,8
"754","18135",105,4
"755","18137",130,7
"756","18139",86,3
"757","18143",168,10
"758","18145",695,32
"759","18147",57,1
"760","18141",2116,74
"761","18149",106,4
"762","18151",136,2
"763","18153",52,1
"764","18155",34,0
"765","18157",773,10
"766","18159",33,2
"767","18161",31,0
"768","18163",730,6
"769","18165",21,0
"770","18167",253,9
"771","18169",119,2
"772","18171",16,1
"773","18173",252,31
"774","18175",68,1
"775","18177",342,6
"776","18179",99,1
"777","18181",274,10
"778","18183",106,6
"779","19001",17,0
"780","19003",8,0
"781","19005",138,4
"782","19007",21,3
"783","19009",18,1
"784","19011",75,1
"785","19013",2495,59
"786","19015",168,1
"787","19017",110,7
"788","19019",63,1
"789","19021",1737,11
"790","19023",68,2
"791","19025",63,2
"792","19027",113,1
"793","19029",28,0
"794","19031",96,1
"795","19033",285,1
"796","19035",83,1
"797","19037",29,0
"798","19039",143,3
"799","19041",149,1
"800","19043",50,3
"801","19045",133,1
"802","19047",680,3
"803","19049",1387,31
"804","19051",42,1
"805","19053",13,0
"806","19055",56,1
"807","19057",100,2
"808","19059",300,3
"809","19061",941,23
"810","19063",95,0
"811","19065",57,0
"812","19067",81,2
"813","19069",104,0
"814","19071",10,0
"815","19073",30,0
"816","19075",48,0
"817","19077",75,4
"818","19079",201,1
"819","19081",60,1
"820","19083",90,0
"821","19085",60,0
"822","19087",93,3
"823","19089",37,0
"824","19091",60,1
"825","19093",23,0
"826","19095",63,1
"827","19097",57,0
"828","19099",345,17
"829","19101",62,0
"830","19103",1428,8
"831","19105",71,0
"832","19107",23,1
"833","19109",41,0
"834","19111",54,2
"835","19113",1382,83
"836","19115",365,13
"837","19117",35,4
"838","19119",57,0
"839","19121",55,2
"840","19123",119,17
"841","19125",80,0
"842","19127",1093,19
"843","19129",47,0
"844","19131",44,0
"845","19133",78,0
"846","19135",52,7
"847","19137",12,2
"848","19139",690,45
"849","19141",94,1
"850","19143",68,0
"851","19145",21,0
"852","19147",51,0
"853","19149",347,5
"854","19151",107,1
"855","19153",7334,184
"856","19155",823,12
"857","19157",112,8
"858","19159",16,1
"859","19161",68,0
"860","19163",1037,10
"861","19165",120,0
"862","19167",502,0
"863","19169",858,5
"864","19171",484,29
"865","19173",81,0
"866","19175",38,0
"867","19177",21,0
"868","19179",714,31
"869","19181",319,1
"870","19183",251,9
"871","19185",11,0
"872","19187",366,5
"873","19189",34,0
"874","19191",46,0
"875","19193",3330,44
"876","19195",23,0
"877","19197",397,1
"878","20001",6,0
"879","20003",8,0
"880","20005",42,0
"881","20007",2,0
"882","20009",63,2
"883","20011",39,1
"884","20013",19,0
"885","20015",92,0
"886","20017",5,0
"887","20019",5,0
"888","20021",47,1
"889","20023",2,0
"890","20025",34,1
"891","20027",10,2
"892","20029",26,0
"893","20031",53,8
"894","20033",3,0
"895","20035",79,1
"896","20037",301,1
"897","20041",15,1
"898","20043",27,0
"899","20045",415,0
"900","20047",8,0
"901","20049",1,0
"902","20051",44,0
"903","20053",11,0
"904","20055",1604,10
"905","20057",2028,10
"906","20059",90,1
"907","20061",115,1
"908","20063",2,0
"909","20065",6,0
"910","20067",62,2
"911","20069",30,0
"912","20073",11,0
"913","20075",35,0
"914","20077",2,0
"915","20079",66,2
"916","20081",34,0
"917","20083",9,0
"918","20085",117,1
"919","20087",37,0
"920","20089",4,0
"921","20091",2857,92
"922","20093",48,1
"923","20095",4,0
"924","20097",3,0
"925","20099",66,0
"926","20101",5,0
"927","20103",1232,7
"928","20105",1,0
"929","20107",17,0
"930","20109",1,0
"931","20111",523,7
"932","20115",22,1
"933","20117",2,0
"934","20113",92,0
"935","20119",32,0
"936","20121",57,0
"937","20123",11,0
"938","20125",58,3
"939","20127",5,0
"940","20129",7,2
"941","20131",31,0
"942","20133",39,0
"943","20135",4,0
"944","20137",13,0
"945","20139",28,0
"946","20141",3,0
"947","20143",15,0
"948","20145",5,0
"949","20147",28,0
"950","20149",89,0
"951","20151",13,0
"952","20155",123,0
"953","20157",12,0
"954","20159",7,0
"955","20161",337,3
"956","20163",9,0
"957","20165",3,0
"958","20167",1,0
"959","20169",215,2
"960","20171",17,0
"961","20173",2074,28
"962","20175",1082,2
"963","20177",990,13
"964","20179",6,0
"965","20181",7,0
"966","20183",3,0
"967","20185",1,0
"968","20187",12,0
"969","20189",34,0
"970","20191",26,1
"971","20193",17,0
"972","20195",2,0
"973","20197",38,0
"974","20201",1,0
"975","20205",4,0
"976","20207",10,0
"977","20209",3032,87
"978","21001",151,19
"979","21003",190,7
"980","21005",31,1
"981","21007",17,0
"982","21009",124,2
"983","21011",21,1
"984","21013",92,0
"985","21015",712,23
"986","21017",41,1
"987","21019",81,3
"988","21021",43,0
"989","21023",19,0
"990","21025",15,0
"991","21027",29,2
"992","21029",173,4
"993","21031",264,14
"994","21033",32,0
"995","21035",107,1
"996","21037",323,13
"997","21039",10,1
"998","21041",77,1
"999","21043",37,0
"1000","21045",88,1
"1001","21047",323,4
"1002","21049",112,6
"1003","21051",82,4
"1004","21053",8,0
"1005","21055",11,1
"1006","21057",8,0
"1007","21059",499,8
"1008","21061",84,12
"1009","21063",3,0
"1010","21065",6,0
"1011","21067",1987,33
"1012","21069",27,0
"1013","21071",40,0
"1014","21073",163,4
"1015","21075",27,1
"1016","21077",68,8
"1017","21079",39,0
"1018","21081",66,5
"1019","21083",287,21
"1020","21085",147,11
"1021","21087",13,1
"1022","21089",44,0
"1023","21091",26,0
"1024","21093",259,6
"1025","21095",37,2
"1026","21097",81,0
"1027","21099",50,0
"1028","21101",210,4
"1029","21103",43,2
"1030","21105",7,0
"1031","21107",306,35
"1032","21109",116,14
"1033","21111",4522,222
"1034","21113",139,0
"1035","21115",11,0
"1036","21117",879,38
"1037","21119",16,0
"1038","21121",94,5
"1039","21123",20,1
"1040","21125",187,3
"1041","21127",11,0
"1042","21129",1,0
"1043","21131",11,0
"1044","21133",19,0
"1045","21135",22,0
"1046","21137",51,1
"1047","21139",16,0
"1048","21141",249,17
"1049","21143",21,3
"1050","21151",183,1
"1051","21153",7,0
"1052","21155",63,0
"1053","21157",69,2
"1054","21159",12,0
"1055","21161",39,1
"1056","21145",193,3
"1057","21147",18,0
"1058","21149",28,0
"1059","21163",37,2
"1060","21165",14,0
"1061","21167",29,0
"1062","21169",16,2
"1063","21171",48,2
"1064","21173",64,0
"1065","21175",13,0
"1066","21177",564,8
"1067","21179",114,2
"1068","21181",13,0
"1069","21183",237,0
"1070","21185",167,7
"1071","21187",10,0
"1072","21189",3,0
"1073","21191",22,0
"1074","21193",83,2
"1075","21195",120,3
"1076","21197",10,0
"1077","21199",135,2
"1078","21201",1,0
"1079","21203",32,0
"1080","21205",30,0
"1081","21207",73,5
"1082","21209",126,0
"1083","21211",565,18
"1084","21213",87,3
"1085","21215",48,0
"1086","21217",60,1
"1087","21219",28,0
"1088","21221",28,0
"1089","21223",15,0
"1090","21225",31,0
"1091","21227",1722,17
"1092","21229",30,0
"1093","21231",29,0
"1094","21233",53,0
"1095","21235",51,0
"1096","21237",4,0
"1097","21239",81,0
"1098","22001",1297,45
"1099","22003",444,12
"1100","22005",1564,63
"1101","22007",415,16
"1102","22009",475,16
"1103","22011",350,9
"1104","22013",261,28
"1105","22015",1254,38
"1106","22017",4276,247
"1107","22019",3061,70
"1108","22021",126,1
"1109","22023",97,0
"1110","22025",214,3
"1111","22027",147,10
"1112","22029",147,7
"1113","22031",423,20
"1114","22033",6989,278
"1115","22035",454,1
"1116","22037",354,33
"1117","22039",322,1
"1118","22041",554,14
"1119","22043",124,2
"1120","22045",1228,51
"1121","22047",820,43
"1122","22049",234,17
"1123","22051",10995,491
"1124","22053",597,12
"1125","22059",120,0
"1126","22055",3707,52
"1127","22057",1531,91
"1128","22061",432,19
"1129","22063",1484,40
"1130","22065",415,4
"1131","22067",282,10
"1132","22069",401,14
"1133","22071",8598,540
"1134","22073",3079,86
"1135","22075",306,18
"1136","22077",371,28
"1137","22079",1978,79
"1138","22081",78,9
"1139","22083",272,5
"1140","22085",194,1
"1141","22087",702,24
"1142","22089",866,49
"1143","22091",120,1
"1144","22093",441,30
"1145","22095",1076,87
"1146","22097",1080,59
"1147","22099",999,27
"1148","22101",741,39
"1149","22103",3101,185
"1150","22105",1874,44
"1151","22107",32,0
"1152","22109",1588,66
"1153","22111",474,28
"1154","22113",532,7
"1155","22115",263,9
"1156","22117",824,49
"1157","22119",528,12
"1158","22121",371,31
"1159","22123",169,5
"1160","22125",261,14
"1161","22127",287,5
"1162","23001",501,4
"1163","23003",24,1
"1164","23005",1861,66
"1165","23007",42,1
"1166","23009",18,1
"1167","23011",146,10
"1168","23013",25,1
"1169","23015",26,0
"1170","23017",44,0
"1171","23019",122,3
"1172","23021",5,0
"1173","23023",35,0
"1174","23025",31,0
"1175","23027",59,14
"1176","23029",5,0
"1177","23031",570,11
"1178","24001",216,18
"1179","24003",5479,210
"1180","24005",8698,497
"1181","24510",8380,364
"1182","24009",446,27
"1183","24011",334,3
"1184","24013",1212,115
"1185","24015",527,29
"1186","24017",1504,89
"1187","24019",209,5
"1188","24021",2593,120
"1189","24023",22,0
"1190","24025",1265,65
"1191","24027",2799,95
"1192","24029",205,23
"1193","24031",15661,757
"1194","24033",20084,706
"1195","24035",288,23
"1196","24039",98,3
"1197","24037",689,51
"1198","24041",184,4
"1199","24043",720,29
"1200","24045",1130,41
"1201","24047",317,18
"1202","25001",1574,151
"1203","25003",611,45
"1204","25005",8442,598
"1205","25007",59,0
"1206","25009",16452,1136
"1207","25011",384,57
"1208","25013",6974,674
"1209","25015",1001,117
"1210","25017",24436,1913
"1211","25019",22,1
"1212","25021",9440,957
"1213","25023",8802,678
"1214","25025",20272,1018
"1215","25027",12629,958
"1216","26001",24,1
"1217","26003",4,0
"1218","26005",371,7
"1219","26007",123,12
"1220","26009",24,0
"1221","26011",38,2
"1222","26013",5,0
"1223","26015",131,2
"1224","26017",427,31
"1225","26019",14,0
"1226","26021",1064,60
"1227","26023",1060,25
"1228","26025",607,39
"1229","26027",186,6
"1230","26029",34,2
"1231","26031",28,2
"1232","26033",19,0
"1233","26035",32,3
"1234","26037",290,12
"1235","26039",82,5
"1236","26041",30,3
"1237","26043",17,2
"1238","26045",357,7
"1239","26047",39,2
"1240","26049",2891,291
"1241","26051",27,1
"1242","26053",12,1
"1243","26055",95,5
"1244","26057",111,14
"1245","26059",205,25
"1246","26061",27,0
"1247","26063",76,3
"1248","26065",1163,30
"1249","26067",212,5
"1250","26069",121,11
"1251","26071",7,1
"1252","26073",158,8
"1253","26075",2155,54
"1254","26077",1216,70
"1255","26079",43,2
"1256","26081",5791,144
"1257","26083",1,0
"1258","26085",12,0
"1259","26087",625,38
"1260","26089",40,0
"1261","26091",1005,15
"1262","26093",660,29
"1263","26095",4,0
"1264","26097",9,0
"1265","26099",8024,933
"1266","26101",37,0
"1267","26103",87,11
"1268","26105",74,0
"1269","26107",37,2
"1270","26109",41,0
"1271","26111",182,9
"1272","26113",36,1
"1273","26115",659,21
"1274","26117",127,1
"1275","26119",7,0
"1276","26121",914,54
"1277","26123",196,0
"1278","26125",12642,1108
"1279","26127",397,5
"1280","26129",46,2
"1281","26131",1,0
"1282","26133",45,0
"1283","26135",23,1
"1284","26137",135,10
"1285","26139",1291,52
"1286","26141",13,0
"1287","26143",31,0
"1288","26145",1395,124
"1289","26151",57,6
"1290","26153",7,0
"1291","26155",284,28
"1292","26147",607,53
"1293","26149",381,5
"1294","26157",246,27
"1295","26159",270,9
"1296","26161",2408,118
"1297","26163",23922,2760
"1298","26165",57,4
"1299","27001",15,0
"1300","27003",2393,111
"1301","27005",62,0
"1302","27007",47,0
"1303","27009",236,3
"1304","27011",17,0
"1305","27013",563,2
"1306","27015",44,2
"1307","27017",90,0
"1308","27019",469,1
"1309","27021",19,2
"1310","27023",80,1
"1311","27025",107,1
"1312","27027",612,38
"1313","27029",12,0
"1314","27031",1,0
"1315","27033",142,0
"1316","27035",113,12
"1317","27037",2655,96
"1318","27039",96,0
"1319","27041",70,0
"1320","27043",61,0
"1321","27045",35,0
"1322","27047",312,0
"1323","27049",140,8
"1324","27051",25,0
"1325","27053",13328,790
"1326","27055",32,0
"1327","27057",10,0
"1328","27059",81,0
"1329","27061",71,12
"1330","27063",57,0
"1331","27065",17,1
"1332","27067",590,1
"1333","27069",2,0
"1334","27071",21,1
"1335","27073",5,0
"1336","27075",6,0
"1337","27079",125,1
"1338","27081",17,0
"1339","27083",333,2
"1340","27087",10,1
"1341","27089",13,0
"1342","27091",175,5
"1343","27085",100,0
"1344","27093",62,1
"1345","27095",39,2
"1346","27097",64,1
"1347","27099",982,2
"1348","27101",73,0
"1349","27103",203,12
"1350","27105",1684,6
"1351","27107",21,0
"1352","27109",1259,20
"1353","27111",111,1
"1354","27113",53,0
"1355","27115",112,0
"1356","27117",69,4
"1357","27119",88,3
"1358","27121",13,0
"1359","27123",5169,232
"1360","27125",4,0
"1361","27127",23,0
"1362","27129",37,2
"1363","27131",879,8
"1364","27133",34,0
"1365","27135",25,0
"1366","27139",858,4
"1367","27141",362,5
"1368","27143",58,2
"1369","27137",223,16
"1370","27145",2496,19
"1371","27147",245,1
"1372","27149",11,0
"1373","27151",33,1
"1374","27153",402,2
"1375","27155",6,0
"1376","27157",38,0
"1377","27159",17,0
"1378","27161",77,0
"1379","27163",1255,41
"1380","27165",267,0
"1381","27167",22,3
"1382","27169",141,15
"1383","27171",528,5
"1384","27173",31,0
"1385","28001",351,20
"1386","28003",100,2
"1387","28005",110,3
"1388","28007",384,24
"1389","28009",46,0
"1390","28011",405,18
"1391","28013",164,5
"1392","28015",181,11
"1393","28017",297,19
"1394","28019",75,4
"1395","28021",301,11
"1396","28023",223,25
"1397","28025",258,11
"1398","28027",222,6
"1399","28029",653,15
"1400","28031",435,5
"1401","28033",1900,19
"1402","28035",993,43
"1403","28037",54,2
"1404","28039",116,3
"1405","28041",113,10
"1406","28043",594,9
"1407","28045",144,13
"1408","28047",1136,16
"1409","28049",2908,51
"1410","28051",586,41
"1411","28053",163,10
"1412","28055",10,1
"1413","28057",146,8
"1414","28059",775,19
"1415","28061",277,6
"1416","28063",126,3
"1417","28065",120,4
"1418","28067",1203,49
"1419","28069",184,14
"1420","28071",497,4
"1421","28073",534,7
"1422","28075",963,81
"1423","28077",209,2
"1424","28079",635,20
"1425","28081",612,22
"1426","28083",531,56
"1427","28085",529,35
"1428","28087",548,13
"1429","28089",1446,38
"1430","28091",327,12
"1431","28093",277,3
"1432","28095",456,35
"1433","28097",171,3
"1434","28099",1045,77
"1435","28101",375,10
"1436","28103",278,8
"1437","28105",611,28
"1438","28107",448,6
"1439","28109",288,32
"1440","28111",87,4
"1441","28113",499,20
"1442","28115",346,6
"1443","28117",120,4
"1444","28119",99,1
"1445","28121",1087,15
"1446","28123",819,15
"1447","28125",48,0
"1448","28127",393,3
"1449","28129",246,12
"1450","28131",74,2
"1451","28133",477,8
"1452","28135",195,4
"1453","28137",352,13
"1454","28139",145,11
"1455","28141",97,1
"1456","28143",123,3
"1457","28145",252,11
"1458","28147",262,7
"1459","28149",594,21
"1460","28151",722,13
"1461","28153",562,18
"1462","28155",134,11
"1463","28157",98,9
"1464","28159",295,11
"1465","28161",207,9
"1466","28163",553,6
"1467","29001",104,0
"1468","29003",55,1
"1469","29005",6,0
"1470","29007",142,1
"1471","29009",96,0
"1472","29011",33,0
"1473","29013",13,1
"1474","29015",22,0
"1475","29017",21,0
"1476","29019",726,2
"1477","29021",938,5
"1478","29023",117,0
"1479","29025",15,1
"1480","29027",63,1
"1481","29029",83,2
"1482","29031",329,3
"1483","29033",26,0
"1484","29035",7,1
"1485","29037",239,9
"1486","29039",12,0
"1487","29041",6,0
"1488","29043",85,1
"1489","29045",2,0
"1490","29047",557,20
"1491","29049",33,0
"1492","29051",134,2
"1493","29053",28,0
"1494","29055",21,0
"1495","29057",2,0
"1496","29059",18,1
"1497","29061",11,0
"1498","29063",16,0
"1499","29065",5,0
"1500","29067",12,0
"1501","29069",127,3
"1502","29071",273,18
"1503","29073",15,0
"1504","29075",67,9
"1505","29077",510,9
"1506","29079",21,1
"1507","29081",28,0
"1508","29083",25,3
"1509","29085",1,0
"1510","29087",1,0
"1511","29089",5,0
"1512","29091",49,0
"1513","29093",3,0
"1514","29095",1657,43
"1515","29097",761,1
"1516","29099",666,23
"1517","29101",238,2
"1518","29103",2,0
"1519","29105",85,1
"1520","29107",102,2
"1521","29109",58,1
"1522","29111",8,1
"1523","29113",112,1
"1524","29115",20,1
"1525","29117",25,0
"1526","29121",24,0
"1527","29123",7,0
"1528","29125",7,0
"1529","29127",31,0
"1530","29119",855,1
"1531","29129",7,0
"1532","29131",24,0
"1533","29133",100,0
"1534","29135",72,1
"1535","29137",5,0
"1536","29139",22,0
"1537","29141",27,0
"1538","29143",51,1
"1539","29145",550,2
"1540","29147",26,0
"1541","29149",9,0
"1542","29151",13,0
"1543","29153",2,0
"1544","29155",116,6
"1545","29157",170,3
"1546","29159",154,1
"1547","29161",53,0
"1548","29163",40,1
"1549","29165",158,6
"1550","29167",20,0
"1551","29169",140,1
"1552","29171",3,0
"1553","29173",10,0
"1554","29175",17,0
"1555","29177",30,0
"1556","29179",6,0
"1557","29181",20,0
"1558","29195",309,5
"1559","29197",5,0
"1560","29199",11,1
"1561","29201",206,12
"1562","29203",27,0
"1563","29205",5,0
"1564","29183",1599,77
"1565","29185",5,0
"1566","29187",174,2
"1567","29189",7761,597
"1568","29510",2916,158
"1569","29186",24,1
"1570","29207",154,9
"1571","29209",22,0
"1572","29211",117,0
"1573","29213",123,3
"1574","29215",11,0
"1575","29217",32,0
"1576","29219",81,0
"1577","29221",26,1
"1578","29223",5,0
"1579","29225",51,1
"1580","29227",4,0
"1581","29229",36,0
"1582","30001",3,0
"1583","30003",111,4
"1584","30007",7,0
"1585","30009",32,0
"1586","30013",47,2
"1587","30017",38,0
"1588","30021",8,0
"1589","30023",6,0
"1590","30027",2,0
"1591","30029",67,2
"1592","30031",404,1
"1593","30035",28,0
"1594","30037",3,0
"1595","30039",6,0
"1596","30041",13,0
"1597","30043",6,0
"1598","30047",48,0
"1599","30049",45,0
"1600","30051",1,0
"1601","30053",13,1
"1602","30057",29,1
"1603","30059",4,0
"1604","30063",123,1
"1605","30065",1,0
"1606","30067",16,0
"1607","30073",2,0
"1608","30081",42,1
"1609","30083",28,0
"1610","30085",10,0
"1611","30087",12,1
"1612","30091",1,0
"1613","30093",24,0
"1614","30095",9,0
"1615","30099",14,0
"1616","30101",31,6
"1617","30103",2,0
"1618","30105",4,0
"1619","30107",2,0
"1620","30111",435,9
"1621","31001",312,11
"1622","31003",12,1
"1623","31007",2,0
"1624","31011",7,0
"1625","31013",4,0
"1626","31015",1,0
"1627","31019",206,1
"1628","31021",14,0
"1629","31023",51,0
"1630","31025",84,1
"1631","31027",19,0
"1632","31029",1,0
"1633","31031",3,0
"1634","31033",20,0
"1635","31035",29,0
"1636","31037",678,4
"1637","31039",38,0
"1638","31041",40,4
"1639","31043",1809,38
"1640","31045",4,0
"1641","31047",870,8
"1642","31051",52,2
"1643","31053",709,8
"1644","31055",8063,105
"1645","31059",18,1
"1646","31061",8,0
"1647","31063",2,0
"1648","31065",10,1
"1649","31067",62,4
"1650","31069",4,0
"1651","31071",2,0
"1652","31073",13,0
"1653","31077",5,0
"1654","31079",1622,47
"1655","31081",73,13
"1656","31083",1,0
"1657","31087",1,0
"1658","31089",4,0
"1659","31091",2,0
"1660","31093",48,4
"1661","31095",11,0
"1662","31097",8,0
"1663","31099",18,0
"1664","31101",4,0
"1665","31105",11,0
"1666","31107",24,0
"1667","31109",2076,13
"1668","31111",66,2
"1669","31119",390,4
"1670","31117",3,0
"1671","31121",39,0
"1672","31123",52,0
"1673","31125",6,0
"1674","31127",5,0
"1675","31129",1,0
"1676","31131",28,0
"1677","31133",1,0
"1678","31137",27,0
"1679","31139",11,0
"1680","31141",688,3
"1681","31143",13,0
"1682","31145",8,0
"1683","31147",8,1
"1684","31149",2,0
"1685","31151",546,2
"1686","31153",1335,8
"1687","31155",89,2
"1688","31157",241,5
"1689","31159",47,1
"1690","31161",8,0
"1691","31163",5,0
"1692","31165",6,0
"1693","31167",21,0
"1694","31169",9,0
"1695","31171",1,0
"1696","31173",169,1
"1697","31175",8,0
"1698","31177",58,1
"1699","31179",31,0
"1700","31181",7,0
"1701","31185",51,0
"1702","32510",208,6
"1703","32001",27,1
"1704","32003",22286,483
"1705","32005",84,0
"1706","32007",243,1
"1707","32011",1,0
"1708","32013",90,4
"1709","32015",43,0
"1710","32017",2,0
"1711","32019",140,2
"1712","32021",6,0
"1713","32023",187,3
"1714","32027",12,0
"1715","32029",2,0
"1716","32031",3574,92
"1717","32033",7,0
"1718","33001",90,3
"1719","33003",66,0
"1720","33005",75,2
"1721","33007",11,0
"1722","33009",91,1
"1723","33011",3410,260
"1724","33013",425,19
"1725","33015",1520,92
"1726","33017",299,13
"1727","33019",35,1
"1728","34001",3016,232
"1729","34003",20119,2028
"1730","34005",5401,447
"1731","34007",7722,546
"1732","34009",736,77
"1733","34011",3059,149
"1734","34013",19237,2070
"1735","34015",2746,193
"1736","34017",19268,1482
"1737","34019",1150,125
"1738","34021",7822,600
"1739","34023",17226,1375
"1740","34025",9535,834
"1741","34027",7041,818
"1742","34029",9877,997
"1743","34031",17208,1219
"1744","34033",818,78
"1745","34035",5084,551
"1746","34037",1262,194
"1747","34039",16655,1343
"1748","34041",1277,167
"1749","35001",2966,95
"1750","35003",3,1
"1751","35005",160,2
"1752","35006",250,14
"1753","35007",9,1
"1754","35009",247,1
"1755","35013",1389,11
"1756","35015",138,1
"1757","35017",32,0
"1758","35019",20,0
"1759","35021",1,0
"1760","35023",72,0
"1761","35025",269,0
"1762","35027",22,0
"1763","35028",11,0
"1764","35029",122,3
"1765","35031",3614,190
"1766","35033",2,0
"1767","35035",944,9
"1768","35037",14,1
"1769","35039",137,1
"1770","35041",78,1
"1771","35045",2687,170
"1772","35047",25,0
"1773","35043",821,30
"1774","35049",329,3
"1775","35051",14,0
"1776","35053",63,5
"1777","35055",52,1
"1778","35057",90,1
"1779","35059",8,0
"1780","35061",184,2
"1781","36001",2208,161
"1782","36003",66,0
"1783","36007",807,63
"1784","36009",138,5
"1785","36011",126,1
"1786","36013",170,4
"1787","36015",148,5
"1788","36017",166,3
"1789","36019",108,4
"1790","36021",485,43
"1791","36023",58,0
"1792","36025",91,0
"1793","36027",4269,160
"1794","36029",7711,602
"1795","36031",59,0
"1796","36033",35,0
"1797","36035",265,18
"1798","36037",247,6
"1799","36039",265,5
"1800","36041",6,0
"1801","36043",188,1
"1802","36045",95,0
"1803","36049",31,0
"1804","36051",145,4
"1805","36053",374,5
"1806","36055",4154,263
"1807","36057",130,5
"1808","36059",42267,2701
"1809","36063",1334,67
"1810","36065",1818,100
"1811","36067",3100,182
"1812","36069",296,25
"1813","36071",10845,403
"1814","36073",287,41
"1815","36075",219,0
"1816","36077",88,6
"1817","36079",1361,61
"1818","36083",593,38
"1819","36087",13700,469
"1820","36091",595,5
"1821","36093",856,34
"1822","36095",62,0
"1823","36097",15,0
"1824","36099",74,0
"1825","36089",230,3
"1826","36101",274,19
"1827","36103",41987,2039
"1828","36105",1464,31
"1829","36107",160,19
"1830","36109",183,2
"1831","36111",1855,49
"1832","36113",274,31
"1833","36115",249,11
"1834","36117",203,1
"1835","36119",35259,1565
"1836","36121",101,3
"1837","36123",48,6
"1838","37001",1401,37
"1839","37003",156,1
"1840","37005",41,0
"1841","37007",189,1
"1842","37009",62,1
"1843","37011",26,0
"1844","37013",139,0
"1845","37015",155,4
"1846","37017",430,5
"1847","37019",774,9
"1848","37021",845,41
"1849","37023",1186,21
"1850","37025",1580,33
"1851","37027",601,6
"1852","37029",35,1
"1853","37031",121,3
"1854","37033",149,2
"1855","37035",1142,14
"1856","37037",1041,45
"1857","37039",61,2
"1858","37041",35,0
"1859","37043",11,0
"1860","37045",498,8
"1861","37047",607,39
"1862","37049",443,8
"1863","37051",1558,41
"1864","37053",26,0
"1865","37055",194,1
"1866","37057",1228,15
"1867","37059",247,3
"1868","37061",1672,33
"1869","37063",4494,68
"1870","37065",377,9
"1871","37067",3622,39
"1872","37069",478,21
"1873","37071",1742,15
"1874","37073",30,2
"1875","37075",10,0
"1876","37077",931,24
"1877","37079",202,3
"1878","37081",3495,125
"1879","37083",408,4
"1880","37085",771,32
"1881","37087",123,0
"1882","37089",883,51
"1883","37091",179,10
"1884","37093",454,5
"1885","37095",34,0
"1886","37097",1093,10
"1887","37099",189,1
"1888","37101",1980,35
"1889","37103",39,3
"1890","37105",918,8
"1891","37107",422,11
"1892","37109",390,2
"1893","37113",322,1
"1894","37115",17,0
"1895","37117",165,5
"1896","37111",316,2
"1897","37119",14607,163
"1898","37121",55,0
"1899","37123",392,9
"1900","37125",618,14
"1901","37127",602,6
"1902","37129",1438,8
"1903","37131",193,16
"1904","37133",399,3
"1905","37135",933,42
"1906","37137",35,0
"1907","37139",242,17
"1908","37141",353,2
"1909","37143",39,2
"1910","37145",128,1
"1911","37147",913,6
"1912","37149",95,4
"1913","37151",1443,32
"1914","37153",356,7
"1915","37155",1620,44
"1916","37157",292,2
"1917","37159",1494,45
"1918","37161",391,11
"1919","37163",1185,7
"1920","37165",165,2
"1921","37167",553,5
"1922","37169",164,1
"1923","37171",574,2
"1924","37173",72,1
"1925","37175",43,1
"1926","37177",38,1
"1927","37179",1778,25
"1928","37181",563,40
"1929","37183",7294,66
"1930","37185",186,6
"1931","37187",46,3
"1932","37189",116,0
"1933","37191",1980,30
"1934","37193",617,6
"1935","37195",907,24
"1936","37197",376,5
"1937","37199",55,0
"1938","38003",24,0
"1939","38005",14,0
"1940","38007",1,0
"1941","38009",5,0
"1942","38011",1,0
"1943","38013",7,0
"1944","38015",425,0
"1945","38017",2442,72
"1946","38019",14,0
"1947","38021",5,0
"1948","38023",1,0
"1949","38025",23,0
"1950","38027",5,0
"1951","38029",4,1
"1952","38031",3,0
"1953","38035",431,4
"1954","38037",3,0
"1955","38039",2,0
"1956","38041",1,0
"1957","38043",2,0
"1958","38045",13,0
"1959","38049",9,1
"1960","38051",6,0
"1961","38053",33,0
"1962","38055",11,0
"1963","38057",9,0
"1964","38059",126,2
"1965","38061",61,0
"1966","38063",2,0
"1967","38065",2,0
"1968","38067",14,0
"1969","38069",8,0
"1970","38071",19,1
"1971","38073",21,0
"1972","38075",5,0
"1973","38077",47,0
"1974","38079",12,0
"1975","38081",7,0
"1976","38083",2,0
"1977","38085",36,0
"1978","38087",3,0
"1979","38089",92,3
"1980","38091",4,0
"1981","38093",66,2
"1982","38095",3,0
"1983","38097",27,0
"1984","38099",46,0
"1985","38101",71,1
"1986","38103",10,0
"1987","38105",65,0
"1988","39001",26,1
"1989","39003",356,41
"1990","39005",67,2
"1991","39007",447,44
"1992","39009",139,1
"1993","39011",109,4
"1994","39013",569,22
"1995","39015",61,1
"1996","39017",1821,47
"1997","39019",67,3
"1998","39021",51,1
"1999","39023",800,10
"2000","39025",473,7
"2001","39027",81,1
"2002","39029",1378,60
"2003","39031",142,3
"2004","39033",138,5
"2005","39035",8979,393
"2006","39037",256,26
"2007","39039",53,3
"2008","39041",698,15
"2009","39043",271,22
"2010","39045",667,17
"2011","39047",55,0
"2012","39049",11724,445
"2013","39051",67,0
"2014","39053",20,1
"2015","39055",425,43
"2016","39057",343,9
"2017","39059",82,3
"2018","39061",6781,207
"2019","39063",86,1
"2020","39065",123,12
"2021","39067",13,1
"2022","39069",33,0
"2023","39071",50,1
"2024","39073",80,9
"2025","39075",259,5
"2026","39077",240,2
"2027","39079",28,0
"2028","39081",109,2
"2029","39083",53,1
"2030","39085",589,23
"2031","39087",83,0
"2032","39089",568,12
"2033","39091",71,1
"2034","39093",1120,69
"2035","39095",2952,305
"2036","39097",216,9
"2037","39099",1928,239
"2038","39101",2745,39
"2039","39103",582,32
"2040","39105",13,0
"2041","39107",299,10
"2042","39109",506,31
"2043","39111",89,17
"2044","39113",2440,35
"2045","39115",11,0
"2046","39117",120,1
"2047","39119",100,1
"2048","39121",14,0
"2049","39123",173,24
"2050","39125",30,0
"2051","39127",44,1
"2052","39129",2222,41
"2053","39131",28,0
"2054","39133",492,59
"2055","39135",90,1
"2056","39137",137,15
"2057","39139",371,5
"2058","39141",144,3
"2059","39143",160,15
"2060","39145",67,0
"2061","39147",41,2
"2062","39149",74,4
"2063","39151",1214,114
"2064","39153",2327,209
"2065","39155",1045,78
"2066","39157",604,10
"2067","39159",93,1
"2068","39161",47,1
"2069","39163",23,2
"2070","39165",977,25
"2071","39167",146,20
"2072","39169",372,53
"2073","39171",76,2
"2074","39173",488,51
"2075","39175",63,5
"2076","40001",136,4
"2077","40003",1,0
"2078","40005",34,0
"2079","40007",32,0
"2080","40009",14,0
"2081","40011",22,0
"2082","40013",180,1
"2083","40015",206,11
"2084","40017",479,3
"2085","40019",170,2
"2086","40021",118,1
"2087","40023",122,1
"2088","40025",1,0
"2089","40027",1277,40
"2090","40029",10,0
"2091","40031",489,8
"2092","40033",11,2
"2093","40035",27,0
"2094","40037",210,8
"2095","40039",76,0
"2096","40041",239,17
"2097","40043",4,0
"2098","40045",2,0
"2099","40047",104,2
"2100","40049",122,3
"2101","40051",236,5
"2102","40053",2,0
"2103","40055",68,7
"2104","40057",3,0
"2105","40059",1,0
"2106","40061",16,0
"2107","40063",14,0
"2108","40065",57,3
"2109","40067",16,0
"2110","40069",16,0
"2111","40071",124,8
"2112","40073",44,0
"2113","40075",16,1
"2114","40077",20,1
"2115","40079",56,1
"2116","40081",43,2
"2117","40083",90,1
"2118","40085",46,0
"2119","40093",14,1
"2120","40095",43,0
"2121","40097",117,5
"2122","40087",235,4
"2123","40089",606,11
"2124","40091",85,1
"2125","40099",25,0
"2126","40101",193,14
"2127","40103",52,1
"2128","40105",38,1
"2129","40107",19,0
"2130","40109",4613,74
"2131","40111",146,0
"2132","40113",214,8
"2133","40115",141,2
"2134","40117",68,3
"2135","40119",478,1
"2136","40121",71,3
"2137","40123",70,2
"2138","40125",158,4
"2139","40127",25,0
"2140","40129",1,0
"2141","40131",324,7
"2142","40133",64,3
"2143","40135",62,3
"2144","40137",81,1
"2145","40139",1005,6
"2146","40141",26,1
"2147","40143",5005,75
"2148","40145",366,19
"2149","40147",448,39
"2150","40149",8,0
"2151","40151",9,0
"2152","40153",15,0
"2153","41001",11,0
"2154","41003",112,6
"2155","41005",955,27
"2156","41007",55,0
"2157","41009",48,0
"2158","41011",54,0
"2159","41013",18,1
"2160","41015",9,0
"2161","41017",252,0
"2162","41019",60,0
"2163","41021",1,0
"2164","41023",1,0
"2165","41025",2,0
"2166","41027",104,0
"2167","41029",178,0
"2168","41031",163,0
"2169","41033",57,1
"2170","41035",135,1
"2171","41037",24,0
"2172","41039",294,3
"2173","41041",361,5
"2174","41043",174,10
"2175","41045",302,1
"2176","41047",1831,53
"2177","41049",138,1
"2178","41051",2824,75
"2179","41053",173,12
"2180","41055",4,0
"2181","41057",16,0
"2182","41059",987,7
"2183","41061",369,2
"2184","41063",14,0
"2185","41065",116,1
"2186","41067",1815,20
"2187","41071",194,9
"2188","42001",385,14
"2189","42003",4762,198
"2190","42005",84,6
"2191","42007",823,79
"2192","42009",92,4
"2193","42011",4680,358
"2194","42013",102,1
"2195","42015",59,3
"2196","42017",6064,572
"2197","42019",410,13
"2198","42021",132,3
"2199","42023",4,0
"2200","42025",297,27
"2201","42027",241,8
"2202","42029",3998,335
"2203","42031",60,2
"2204","42033",85,0
"2205","42035",95,4
"2206","42037",419,35
"2207","42039",77,1
"2208","42041",935,66
"2209","42043",2279,149
"2210","42045",7543,709
"2211","42047",29,0
"2212","42049",707,13
"2213","42051",194,4
"2214","42053",7,0
"2215","42055",997,46
"2216","42057",19,1
"2217","42059",67,0
"2218","42061",257,4
"2219","42063",141,6
"2220","42065",37,1
"2221","42067",116,6
"2222","42069",1756,209
"2223","42071",4816,383
"2224","42073",171,9
"2225","42075",1429,50
"2226","42077",4424,324
"2227","42079",3002,181
"2228","42081",240,20
"2229","42083",20,1
"2230","42085",166,6
"2231","42087",72,1
"2232","42089",1470,111
"2233","42091",8828,829
"2234","42093",77,2
"2235","42095",3546,279
"2236","42097",343,8
"2237","42099",91,5
"2238","42101",27367,1636
"2239","42103",504,21
"2240","42105",18,0
"2241","42107",773,47
"2242","42109",72,2
"2243","42111",76,1
"2244","42113",10,0
"2245","42115",193,25
"2246","42117",29,2
"2247","42119",98,2
"2248","42121",35,0
"2249","42123",9,1
"2250","42125",430,6
"2251","42127",141,8
"2252","42129",975,39
"2253","42131",44,7
"2254","42133",1830,62
"2255","44001",256,15
"2256","44003",1234,97
"2257","44005",331,6
"2258","44007",13144,774
"2259","44009",538,63
"2260","45001",150,1
"2261","45003",636,13
"2262","45005",83,3
"2263","45007",995,19
"2264","45009",171,2
"2265","45011",130,1
"2266","45013",1919,23
"2267","45015",2106,25
"2268","45017",148,2
"2269","45019",7272,59
"2270","45021",240,9
"2271","45023",273,3
"2272","45025",438,15
"2273","45027",481,45
"2274","45029",458,22
"2275","45031",548,17
"2276","45033",376,14
"2277","45035",1442,8
"2278","45037",121,4
"2279","45039",360,22
"2280","45041",1570,58
"2281","45043",768,7
"2282","45045",6929,103
"2283","45047",767,7
"2284","45049",101,3
"2285","45051",5585,72
"2286","45053",258,3
"2287","45055",846,17
"2288","45057",634,15
"2289","45059",733,14
"2290","45061",337,22
"2291","45063",2834,59
"2292","45067",304,9
"2293","45069",329,4
"2294","45065",43,2
"2295","45071",393,5
"2296","45073",428,1
"2297","45075",1140,21
"2298","45077",1150,7
"2299","45079",4722,98
"2300","45081",272,2
"2301","45083",2363,58
"2302","45085",1373,30
"2303","45087",153,0
"2304","45089",481,15
"2305","45091",1839,12
"2306","46003",34,0
"2307","46005",551,8
"2308","46007",4,0
"2309","46009",13,0
"2310","46011",94,0
"2311","46013",356,2
"2312","46015",33,0
"2313","46017",85,3
"2314","46019",3,0
"2315","46021",1,0
"2316","46023",96,0
"2317","46025",15,0
"2318","46027",93,0
"2319","46029",92,0
"2320","46031",20,0
"2321","46033",10,0
"2322","46035",54,1
"2323","46037",19,0
"2324","46039",5,0
"2325","46041",33,0
"2326","46043",10,0
"2327","46045",8,0
"2328","46047",13,0
"2329","46049",24,1
"2330","46051",16,0
"2331","46053",5,0
"2332","46055",1,0
"2333","46057",13,0
"2334","46059",7,0
"2335","46061",13,0
"2336","46065",69,2
"2337","46067",15,0
"2338","46069",3,0
"2339","46071",6,1
"2340","46073",39,1
"2341","46075",1,0
"2342","46077",6,0
"2343","46079",29,1
"2344","46081",20,0
"2345","46083",390,1
"2346","46085",82,1
"2347","46091",5,0
"2348","46087",16,1
"2349","46089",5,0
"2350","46093",53,1
"2351","46095",9,0
"2352","46097",10,0
"2353","46099",3751,60
"2354","46101",23,0
"2355","46102",109,0
"2356","46103",630,20
"2357","46105",1,0
"2358","46109",56,0
"2359","46111",12,0
"2360","46115",12,0
"2361","46117",14,0
"2362","46119",1,0
"2363","46121",65,2
"2364","46123",19,0
"2365","46125",29,0
"2366","46127",150,1
"2367","46129",16,0
"2368","46135",84,2
"2369","46137",3,0
"2370","47001",195,2
"2371","47003",623,9
"2372","47005",15,1
"2373","47007",629,1
"2374","47009",340,3
"2375","47011",959,4
"2376","47013",69,1
"2377","47015",49,0
"2378","47017",52,1
"2379","47019",103,1
"2380","47021",269,3
"2381","47023",63,0
"2382","47025",68,0
"2383","47027",20,0
"2384","47029",136,0
"2385","47031",141,0
"2386","47033",52,3
"2387","47035",213,4
"2388","47037",14319,143
"2389","47041",85,0
"2390","47039",27,0
"2391","47043",258,0
"2392","47045",291,3
"2393","47047",368,5
"2394","47049",26,0
"2395","47051",116,3
"2396","47053",177,1
"2397","47055",103,1
"2398","47057",56,0
"2399","47059",151,2
"2400","47061",65,2
"2401","47063",472,4
"2402","47065",3361,38
"2403","47067",11,0
"2404","47069",411,4
"2405","47071",125,7
"2406","47073",86,2
"2407","47075",118,3
"2408","47077",71,0
"2409","47079",51,0
"2410","47081",103,0
"2411","47083",20,0
"2412","47085",39,2
"2413","47087",47,0
"2414","47089",182,1
"2415","47091",46,0
"2416","47093",1618,10
"2417","47095",697,0
"2418","47097",180,4
"2419","47099",232,6
"2420","47101",11,0
"2421","47103",86,0
"2422","47105",332,2
"2423","47111",597,7
"2424","47113",352,2
"2425","47115",94,4
"2426","47117",115,2
"2427","47119",454,3
"2428","47107",276,19
"2429","47109",101,1
"2430","47121",38,0
"2431","47123",155,6
"2432","47125",732,7
"2433","47127",21,0
"2434","47129",31,1
"2435","47131",119,2
"2436","47133",72,1
"2437","47135",37,0
"2438","47137",7,0
"2439","47139",55,0
"2440","47141",1011,7
"2441","47143",315,0
"2442","47145",81,0
"2443","47147",924,13
"2444","47149",3525,39
"2445","47151",26,0
"2446","47153",49,0
"2447","47155",915,3
"2448","47157",13452,223
"2449","47159",150,2
"2450","47161",26,0
"2451","47163",210,4
"2452","47165",1897,56
"2453","47167",696,7
"2454","47169",1508,5
"2455","47171",59,0
"2456","47173",25,0
"2457","47175",9,0
"2458","47177",123,0
"2459","47179",261,0
"2460","47181",115,0
"2461","47183",70,1
"2462","47185",85,3
"2463","47187",1708,16
"2464","47189",1148,17
"2465","48001",1796,3
"2466","48003",155,2
"2467","48005",743,9
"2468","48007",50,0
"2469","48009",10,0
"2470","48011",3,0
"2471","48013",207,2
"2472","48015",128,0
"2473","48017",112,1
"2474","48019",44,0
"2475","48021",727,11
"2476","48023",1,0
"2477","48025",135,0
"2478","48027",2083,14
"2479","48029",19149,175
"2480","48031",49,1
"2481","48035",41,0
"2482","48037",496,26
"2483","48039",3358,25
"2484","48041",2961,35
"2485","48043",150,1
"2486","48045",9,1
"2487","48047",37,0
"2488","48049",171,13
"2489","48051",148,0
"2490","48053",230,3
"2491","48055",645,5
"2492","48057",153,3
"2493","48059",27,2
"2494","48061",3854,79
"2495","48063",131,2
"2496","48065",10,0
"2497","48067",57,3
"2498","48069",120,1
"2499","48071",590,2
"2500","48073",357,2
"2501","48075",7,0
"2502","48077",16,0
"2503","48079",6,0
"2504","48081",6,1
"2505","48083",5,0
"2506","48085",4459,56
"2507","48087",6,0
"2508","48089",161,0
"2509","48091",1282,22
"2510","48093",26,1
"2511","48095",13,0
"2512","48097",87,0
"2513","48099",398,2
"2514","48101",4,1
"2515","48103",64,9
"2516","48105",35,0
"2517","48107",35,2
"2518","48109",6,1
"2519","48111",116,1
"2520","48113",32626,449
"2521","48115",83,1
"2522","48123",159,3
"2523","48117",409,17
"2524","48119",7,0
"2525","48121",3937,40
"2526","48125",2,0
"2527","48127",31,0
"2528","48129",32,0
"2529","48131",75,0
"2530","48133",20,0
"2531","48135",1829,14
"2532","48137",4,0
"2533","48141",9099,150
"2534","48139",1510,20
"2535","48143",216,1
"2536","48145",56,0
"2537","48147",137,8
"2538","48149",151,3
"2539","48151",13,1
"2540","48153",52,1
"2541","48155",1,0
"2542","48157",4758,62
"2543","48159",55,1
"2544","48161",73,0
"2545","48163",338,0
"2546","48165",43,0
"2547","48167",5873,54
"2548","48169",21,1
"2549","48171",65,0
"2550","48173",6,0
"2551","48175",30,0
"2552","48177",323,4
"2553","48179",133,4
"2554","48181",731,7
"2555","48183",788,14
"2556","48185",642,2
"2557","48187",1014,3
"2558","48189",763,11
"2559","48191",2,1
"2560","48193",32,1
"2561","48195",35,2
"2562","48197",5,0
"2563","48199",404,5
"2564","48201",43939,455
"2565","48203",401,31
"2566","48205",55,2
"2567","48207",6,0
"2568","48209",3534,11
"2569","48211",20,0
"2570","48213",256,4
"2571","48215",7669,142
"2572","48217",143,2
"2573","48219",108,1
"2574","48221",185,5
"2575","48223",79,0
"2576","48225",176,0
"2577","48227",67,1
"2578","48229",17,0
"2579","48231",697,8
"2580","48233",73,0
"2581","48235",3,0
"2582","48237",12,0
"2583","48239",89,1
"2584","48241",70,2
"2585","48243",5,0
"2586","48245",3532,39
"2587","48247",32,0
"2588","48249",261,0
"2589","48251",788,4
"2590","48253",604,0
"2591","48255",80,0
"2592","48257",971,5
"2593","48259",101,0
"2594","48261",1,0
"2595","48265",143,1
"2596","48267",9,0
"2597","48271",3,0
"2598","48273",159,1
"2599","48275",6,0
"2600","48283",76,0
"2601","48277",392,14
"2602","48279",75,0
"2603","48281",39,0
"2604","48285",238,1
"2605","48287",92,3
"2606","48289",96,0
"2607","48291",508,3
"2608","48293",102,1
"2609","48295",11,0
"2610","48297",65,0
"2611","48299",34,0
"2612","48303",3668,60
"2613","48305",53,1
"2614","48313",107,0
"2615","48315",37,1
"2616","48317",25,1
"2617","48319",35,0
"2618","48321",348,5
"2619","48323",776,7
"2620","48307",23,0
"2621","48309",2537,16
"2622","48325",343,3
"2623","48327",14,0
"2624","48329",1104,19
"2625","48331",149,1
"2626","48333",7,0
"2627","48335",25,0
"2628","48337",26,1
"2629","48339",3007,41
"2630","48341",916,15
"2631","48343",48,0
"2632","48345",2,0
"2633","48347",554,31
"2634","48349",493,7
"2635","48351",12,0
"2636","48353",70,0
"2637","48355",5965,50
"2638","48357",63,2
"2639","48359",4,1
"2640","48361",498,5
"2641","48363",61,2
"2642","48365",228,24
"2643","48367",556,1
"2644","48369",236,8
"2645","48371",139,1
"2646","48373",321,0
"2647","48375",3048,39
"2648","48377",26,0
"2649","48379",17,0
"2650","48381",1045,7
"2651","48383",31,0
"2652","48385",6,0
"2653","48387",119,12
"2654","48389",77,1
"2655","48391",43,0
"2656","48393",6,0
"2657","48395",111,0
"2658","48397",433,17
"2659","48399",24,0
"2660","48401",251,3
"2661","48403",31,1
"2662","48405",126,9
"2663","48407",63,0
"2664","48409",310,0
"2665","48411",10,0
"2666","48413",24,1
"2667","48415",321,1
"2668","48417",8,0
"2669","48419",294,14
"2670","48421",32,0
"2671","48423",1300,8
"2672","48425",25,0
"2673","48427",936,4
"2674","48429",15,0
"2675","48435",21,0
"2676","48437",53,1
"2677","48439",17757,268
"2678","48441",748,7
"2679","48443",2,0
"2680","48445",48,0
"2681","48447",1,0
"2682","48449",966,6
"2683","48451",670,1
"2684","48453",14622,168
"2685","48455",60,0
"2686","48457",36,0
"2687","48459",90,0
"2688","48461",10,0
"2689","48463",224,2
"2690","48465",503,3
"2691","48467",182,3
"2692","48469",1673,10
"2693","48471",2223,28
"2694","48473",235,0
"2695","48475",46,0
"2696","48477",351,33
"2697","48479",2547,43
"2698","48481",328,1
"2699","48483",20,0
"2700","48485",585,3
"2701","48487",17,0
"2702","48489",267,3
"2703","48491",3745,52
"2704","48493",190,5
"2705","48495",40,0
"2706","48497",184,5
"2707","48499",123,5
"2708","48501",42,0
"2709","48503",53,1
"2710","48505",66,0
"2711","48507",96,4
"2712","49001",12,0
"2713","49003",225,1
"2714","49005",1620,2
"2715","49007",19,0
"2716","49011",1794,6
"2717","49013",20,0
"2718","49015",9,0
"2719","49017",18,0
"2720","49019",23,0
"2721","49021",370,0
"2722","49023",34,0
"2723","49025",17,0
"2724","49027",83,0
"2725","49029",30,0
"2726","49031",4,0
"2727","49033",4,0
"2728","49035",14406,133
"2729","49037",465,11
"2730","49039",71,0
"2731","49041",59,0
"2732","49043",574,1
"2733","49045",334,0
"2734","49047",42,0
"2735","49049",5271,27
"2736","49051",452,4
"2737","49053",1588,0
"2738","49057",1527,14
"2739","50001",68,2
"2740","50003",74,1
"2741","50005",21,0
"2742","50007",650,39
"2743","50009",5,0
"2744","50011",110,6
"2745","50013",10,0
"2746","50015",37,1
"2747","50017",10,0
"2748","50019",14,0
"2749","50021",75,1
"2750","50023",43,1
"2751","50025",99,3
"2752","50027",62,2
"2753","51001",1042,14
"2754","51003",533,10
"2755","51510",2453,57
"2756","51005",40,2
"2757","51007",49,1
"2758","51009",40,0
"2759","51011",47,0
"2760","51013",2597,134
"2761","51015",205,2
"2762","51017",1,0
"2763","51019",156,4
"2764","51021",3,0
"2765","51023",152,4
"2766","51520",12,0
"2767","51025",127,1
"2768","51027",39,0
"2769","51029",576,6
"2770","51530",18,0
"2771","51031",63,1
"2772","51033",137,4
"2773","51035",245,9
"2774","51036",41,3
"2775","51037",36,0
"2776","51540",270,7
"2777","51550",1204,22
"2778","51041",3169,62
"2779","51043",60,0
"2780","51570",156,20
"2781","51580",5,0
"2782","51045",9,0
"2783","51047",852,12
"2784","51049",59,0
"2785","51590",113,2
"2786","51051",5,0
"2787","51053",154,2
"2788","51595",146,15
"2789","51057",63,0
"2790","51059",14403,498
"2791","51600",72,7
"2792","51610",53,7
"2793","51061",476,8
"2794","51063",20,1
"2795","51065",130,8
"2796","51067",106,1
"2797","51620",70,3
"2798","51069",543,6
"2799","51630",277,0
"2800","51640",287,16
"2801","51071",18,0
"2802","51073",67,1
"2803","51075",129,6
"2804","51077",91,4
"2805","51079",80,2
"2806","51081",375,9
"2807","51083",80,1
"2808","51650",469,4
"2809","51085",469,31
"2810","51660",978,28
"2811","51087",2822,173
"2812","51089",350,5
"2813","51091",3,0
"2814","51670",198,5
"2815","51093",222,9
"2816","51095",336,16
"2817","51099",105,4
"2818","51101",54,2
"2819","51097",26,1
"2820","51103",13,0
"2821","51105",17,0
"2822","51678",16,0
"2823","51107",4373,99
"2824","51109",135,2
"2825","51111",40,0
"2826","51680",187,1
"2827","51113",47,1
"2828","51685",457,6
"2829","51683",1482,19
"2830","51115",7,0
"2831","51117",257,29
"2832","51119",17,0
"2833","51121",182,3
"2834","51125",25,0
"2835","51127",68,1
"2836","51700",693,10
"2837","51710",1448,15
"2838","51131",274,28
"2839","51133",40,1
"2840","51720",4,0
"2841","51135",120,5
"2842","51137",159,3
"2843","51139",298,23
"2844","51141",48,1
"2845","51730",331,8
"2846","51143",159,2
"2847","51735",20,0
"2848","51740",662,19
"2849","51145",91,2
"2850","51147",237,6
"2851","51149",258,2
"2852","51153",7769,156
"2853","51155",51,2
"2854","51750",16,0
"2855","51157",32,1
"2856","51159",311,6
"2857","51760",2386,35
"2858","51161",311,6
"2859","51770",557,10
"2860","51163",34,0
"2861","51165",778,12
"2862","51167",21,0
"2863","51775",87,3
"2864","51169",11,2
"2865","51171",609,35
"2866","51173",43,1
"2867","51175",173,10
"2868","51177",1076,31
"2869","51179",1056,6
"2870","51790",95,0
"2871","51800",535,42
"2872","51181",18,1
"2873","51183",211,7
"2874","51185",26,0
"2875","51810",1759,30
"2876","51187",308,8
"2877","51191",80,4
"2878","51820",121,0
"2879","51193",183,2
"2880","51830",78,6
"2881","51840",340,3
"2882","51195",38,2
"2883","51197",57,1
"2884","51199",149,3
"2885","53001",222,0
"2886","53003",21,2
"2887","53005",2407,92
"2888","53007",516,8
"2889","53009",50,0
"2890","53011",1166,32
"2891","53013",8,0
"2892","53015",241,0
"2893","53017",351,3
"2894","53019",2,0
"2895","53021",2409,36
"2896","53025",802,7
"2897","53027",38,0
"2898","53029",203,12
"2899","53031",41,0
"2900","53033",11773,635
"2901","53035",277,2
"2902","53037",165,0
"2903","53039",76,3
"2904","53041",89,3
"2905","53043",4,0
"2906","53045",55,1
"2907","53047",191,2
"2908","53049",18,1
"2909","53051",8,0
"2910","53053",3504,112
"2911","53055",20,0
"2912","53057",573,16
"2913","53059",22,0
"2914","53061",4438,178
"2915","53063",1946,43
"2916","53065",23,1
"2917","53067",355,8
"2918","53069",5,0
"2919","53071",219,3
"2920","53073",692,41
"2921","53075",52,0
"2922","53077",8344,185
"2923","54001",19,1
"2924","54003",531,10
"2925","54005",33,0
"2926","54007",5,0
"2927","54009",24,0
"2928","54011",198,0
"2929","54013",4,0
"2930","54015",12,1
"2931","54019",79,4
"2932","54021",13,0
"2933","54023",19,0
"2934","54025",71,3
"2935","54027",42,1
"2936","54029",41,0
"2937","54031",46,0
"2938","54033",115,1
"2939","54035",148,18
"2940","54037",253,4
"2941","54039",410,20
"2942","54041",22,2
"2943","54043",9,0
"2944","54045",36,1
"2945","54049",108,2
"2946","54051",63,0
"2947","54053",24,0
"2948","54047",8,0
"2949","54055",62,0
"2950","54057",65,3
"2951","54059",30,2
"2952","54061",524,5
"2953","54063",15,0
"2954","54065",20,0
"2955","54067",21,1
"2956","54069",140,2
"2957","54071",16,1
"2958","54073",5,0
"2959","54075",37,0
"2960","54077",93,2
"2961","54079",86,0
"2962","54081",76,0
"2963","54083",187,0
"2964","54085",2,0
"2965","54087",12,1
"2966","54089",2,0
"2967","54091",23,0
"2968","54093",6,0
"2969","54095",10,0
"2970","54097",25,0
"2971","54099",124,9
"2972","54101",1,0
"2973","54103",34,0
"2974","54105",6,0
"2975","54107",184,2
"2976","54109",7,0
"2977","55001",37,2
"2978","55003",7,0
"2979","55005",43,1
"2980","55007",6,1
"2981","55009",3197,44
"2982","55011",13,2
"2983","55013",5,1
"2984","55015",151,2
"2985","55017",132,0
"2986","55019",99,7
"2987","55021",116,1
"2988","55023",45,0
"2989","55025",2889,33
"2990","55027",511,5
"2991","55029",53,3
"2992","55031",56,0
"2993","55033",54,0
"2994","55035",332,1
"2995","55037",4,0
"2996","55039",374,6
"2997","55041",48,3
"2998","55043",198,13
"2999","55045",106,1
"3000","55047",42,0
"3001","55049",45,0
"3002","55051",10,2
"3003","55053",34,1
"3004","55055",352,4
"3005","55057",50,1
"3006","55059",1717,46
"3007","55061",75,1
"3008","55063",582,0
"3009","55065",78,0
"3010","55067",10,1
"3011","55069",21,0
"3012","55071",147,1
"3013","55073",268,1
"3014","55075",89,3
"3015","55077",49,1
"3016","55078",9,0
"3017","55079",13661,398
"3018","55081",130,1
"3019","55083",78,0
"3020","55085",28,0
"3021","55087",633,9
"3022","55089",313,17
"3023","55091",14,0
"3024","55093",99,0
"3025","55095",68,2
"3026","55097",234,0
"3027","55099",8,0
"3028","55101",2326,65
"3029","55103",16,4
"3030","55105",1135,24
"3031","55107",11,1
"3032","55111",147,3
"3033","55113",15,0
"3034","55115",94,0
"3035","55117",283,4
"3036","55109",263,2
"3037","55119",17,0
"3038","55121",178,0
"3039","55123",40,0
"3040","55125",16,0
"3041","55127",752,18
"3042","55129",6,0
"3043","55131",482,19
"3044","55133",1630,40
"3045","55135",169,13
"3046","55137",43,0
"3047","55139",760,13
"3048","55141",103,1
"3049","56001",49,0
"3050","56003",30,0
"3051","56005",85,0
"3052","56007",29,1
"3053","56009",28,0
"3054","56011",7,0
"3055","56013",384,9
"3056","56015",9,0
"3057","56017",13,0
"3058","56019",21,1
"3059","56021",323,3
"3060","56023",41,0
"3061","56025",159,1
"3062","56027",2,0
"3063","56029",84,0
"3064","56031",4,0
"3065","56033",29,0
"3066","56035",7,0
"3067","56037",136,0
"3068","56039",155,1
"3069","56041",201,0
"3070","56043",42,5
"3071","56045",1,0
"3072","36005",48375,3860
"3073","36047",60045,5555
"3074","36061",27458,2478
"3075","36081",65745,5876
"3076","36085",14173,888
