GEOID,cov_cases
60,0
66,139
69,14
72,1416
78,54
1001,33
1003,143
1005,30
1007,33
1009,31
1011,12
1013,19
1015,88
1017,275
1019,12
1021,47
1023,22
1025,25
1027,19
1029,12
1031,80
1033,22
1035,9
1037,28
1039,29
1041,8
1043,44
1045,22
1047,29
1049,61
1051,74
1053,21
1055,120
1057,4
1059,25
1061,6
1063,41
1065,37
1067,22
1069,78
1071,43
1073,778
1075,9
1077,25
1079,12
1081,340
1083,40
1085,34
1087,27
1089,205
1091,38
1093,67
1095,258
1097,810
1099,9
1101,263
1103,50
1105,9
1107,44
1109,57
1111,58
1113,54
1115,62
1117,283
1119,47
1121,53
1123,254
1125,173
1127,89
1129,18
1131,52
1133,10
2013,0
2016,0
2020,166
2050,1
2060,0
2068,0
2070,0
2090,79
2100,0
2105,0
2110,27
2122,19
2130,16
2150,1
2158,0
2164,0
2170,20
2180,1
2185,0
2188,0
2195,3
2198,2
2220,0
2230,0
2240,1
2261,0
2275,0
2282,0
2290,1
4001,268
4003,31
4005,372
4007,12
4009,4
4011,2
4012,6
4013,2970
4015,69
4017,564
4019,1026
4021,303
4023,28
4025,75
4027,42
5001,2
5003,13
5005,5
5007,70
5009,4
5011,7
5013,0
5015,2
5017,7
5019,27
5021,1
5023,71
5025,8
5027,5
5029,8
5031,55
5033,4
5035,156
5037,11
5039,1
5041,14
5043,10
5045,67
5047,1
5049,1
5051,109
5053,11
5055,13
5057,5
5059,9
5061,13
5063,8
5065,2
5067,1
5069,142
5071,26
5073,6
5075,37
5077,3
5079,630
5081,0
5083,3
5085,30
5087,1
5089,1
5091,31
5093,10
5095,4
5097,0
5099,1
5101,3
5103,5
5105,3
5107,4
5109,3
5111,13
5113,7
5115,37
5117,2
5119,427
5121,14
5123,69
5125,51
5127,1
5129,6
5131,12
5133,10
5135,2
5137,7
5139,29
5141,26
5143,62
5145,29
5147,1
5149,3
6001,1352
6003,2
6005,8
6007,16
6009,13
6011,3
6013,770
6015,2
6017,40
6019,419
6021,5
6023,52
6025,232
6027,19
6029,699
6031,35
6033,6
6035,0
6037,17537
6039,39
6041,209
6043,0
6045,5
6047,100
6049,0
6051,24
6053,154
6055,57
6057,36
6059,1827
6061,136
6063,4
6065,3218
6067,987
6069,47
6071,1608
6073,2643
6075,1302
6077,487
6079,149
6081,966
6083,451
6085,1987
6087,114
6089,28
6091,0
6093,5
6095,191
6097,194
6099,251
6101,44
6103,1
6105,0
6107,453
6109,2
6111,465
6113,151
6115,16
8001,1082
8003,9
8005,1824
8007,8
8009,10
8011,0
8013,426
8014,113
8015,55
8017,0
8019,12
8021,0
8023,3
8025,2
8027,2
8029,25
8031,2172
8033,0
8035,399
8037,489
8039,26
8041,798
8043,19
8045,74
8047,1
8049,5
8051,121
8053,3
8055,1
8057,0
8059,1075
8061,0
8063,18
8065,10
8067,55
8069,274
8071,3
8073,3
8075,24
8077,37
8079,2
8081,6
8083,15
8085,82
8087,214
8089,7
8091,5
8093,6
8095,5
8097,57
8099,1
8101,108
8103,1
8105,7
8107,52
8109,3
8111,0
8113,17
8115,0
8117,105
8119,25
8121,6
8123,1263
8125,5
9001,10008
9003,4303
9005,751
9007,545
9009,6064
9011,419
9013,359
9015,129
10001,539
10003,1389
10005,1377
11001,3361
12001,231
12003,19
12005,60
12007,42
12009,235
12011,4431
12013,6
12015,178
12017,94
12019,264
12021,507
12023,46
12027,24
12029,4
12031,956
12033,420
12035,106
12037,2
12039,69
12041,4
12043,5
12045,1
12047,6
12049,5
12051,59
12053,83
12055,74
12057,1008
12059,9
12061,88
12063,13
12065,26
12067,1
12069,217
12071,887
12073,191
12075,13
12077,2
12079,40
12081,473
12083,145
12085,166
12086,10588
12087,74
12089,48
12091,141
12093,9
12095,1274
12097,449
12099,2554
12101,221
12103,656
12105,379
12107,75
12109,200
12111,220
12113,141
12115,310
12117,340
12119,166
12121,106
12123,3
12125,3
12127,420
12129,17
12131,34
12133,10
13001,49
13003,7
13005,20
13007,19
13009,161
13011,17
13013,106
13015,264
13017,21
13019,12
13021,234
13023,7
13025,20
13027,37
13029,43
13031,33
13033,60
13035,126
13037,82
13039,28
13043,7
13045,314
13047,45
13049,7
13051,199
13053,8
13055,11
13057,365
13059,122
13061,20
13063,616
13065,7
13067,1326
13069,91
13071,163
13073,129
13075,15
13077,177
13079,14
13081,141
13083,15
13085,50
13087,61
13089,1689
13091,22
13093,81
13095,1478
13097,273
13099,185
13101,5
13103,33
13105,14
13107,17
13109,4
13111,20
13113,156
13115,128
13117,235
13119,16
13121,2436
13123,28
13125,0
13127,51
13129,73
13131,47
13133,49
13135,1351
13137,149
13139,963
13141,14
13143,26
13145,55
13147,6
13149,9
13151,413
13153,194
13155,17
13157,69
13159,19
13161,9
13163,12
13165,15
13167,38
13169,24
13171,31
13173,7
13175,46
13177,298
13179,35
13181,10
13183,2
13185,125
13187,28
13189,39
13191,4
13193,66
13195,19
13197,34
13199,49
13201,26
13205,290
13207,18
13209,2
13211,25
13213,19
13215,256
13217,153
13219,54
13221,36
13223,148
13225,36
13227,19
13229,51
13231,38
13233,36
13235,20
13237,29
13239,3
13241,9
13243,149
13245,335
13247,151
13249,16
13251,14
13253,27
13255,140
13257,48
13259,17
13261,344
13263,21
13265,0
13267,6
13269,14
13271,16
13273,162
13275,158
13277,98
13279,23
13281,19
13283,2
13285,118
13287,61
13289,6
13291,25
13293,191
13295,59
13297,81
13299,100
13301,12
13303,28
13305,10
13307,7
13309,3
13311,36
13313,59
13315,64
13317,22
13319,27
13321,142
15001,68
15003,389
15005,0
15007,21
15009,112
16001,635
16003,3
16005,8
16007,0
16009,0
16011,3
16013,485
16015,0
16017,4
16019,28
16021,0
16023,0
16025,1
16027,222
16029,1
16031,12
16033,0
16035,0
16037,2
16039,32
16041,0
16043,2
16045,11
16047,9
16049,3
16051,5
16053,44
16055,59
16057,4
16059,0
16061,0
16063,21
16065,8
16067,10
16069,55
16071,0
16073,6
16075,11
16077,2
16079,0
16081,8
16083,139
16085,2
16087,1
17001,29
17003,2
17005,4
17007,54
17009,0
17011,8
17013,1
17015,7
17017,8
17019,99
17021,26
17023,4
17025,2
17027,51
17029,18
17031,25811
17033,10
17035,2
17037,56
17039,1
17041,12
17043,2047
17045,0
17047,0
17049,5
17051,15
17053,8
17055,8
17057,1
17059,2
17061,2
17063,26
17065,2
17067,4
17069,1
17071,3
17073,33
17075,14
17077,53
17079,40
17081,77
17083,11
17085,11
17087,3
17089,863
17091,289
17093,171
17095,21
17097,2540
17099,39
17101,2
17103,18
17105,18
17107,4
17109,4
17111,419
17113,87
17115,96
17117,24
17119,235
17121,25
17123,4
17125,6
17127,3
17129,4
17131,6
17133,60
17135,21
17137,14
17139,2
17141,71
17143,54
17145,3
17147,7
17149,1
17151,0
17153,13
17155,0
17157,68
17159,2
17161,247
17163,330
17165,3
17167,76
17169,1
17171,0
17173,5
17175,1
17177,13
17179,30
17181,6
17183,10
17185,1
17187,31
17189,7
17191,1
17193,1
17195,49
17197,1885
17199,19
17201,252
17203,11
18001,7
18003,387
18005,163
18007,6
18009,6
18011,172
18013,15
18015,7
18017,199
18019,195
18021,19
18023,25
18025,14
18027,38
18029,75
18031,182
18033,14
18035,126
18037,16
18039,196
18041,22
18043,152
18045,8
18047,92
18049,7
18051,6
18053,102
18055,44
18057,645
18059,160
18061,108
18063,565
18065,30
18067,76
18069,6
18071,100
18073,27
18075,10
18077,22
18079,67
18081,478
18083,18
18085,24
18087,19
18089,1346
18091,148
18093,86
18095,359
18097,4408
18099,25
18101,6
18103,31
18105,118
18107,29
18109,125
18111,40
18113,47
18115,3
18117,39
18119,22
18121,10
18123,6
18125,1
18127,198
18129,8
18131,4
18133,54
18135,14
18137,87
18139,21
18141,475
18143,28
18145,145
18147,5
18149,13
18151,18
18153,10
18155,14
18157,62
18159,14
18161,6
18163,104
18165,7
18167,60
18169,12
18171,8
18173,77
18175,33
18177,30
18179,5
18181,12
18183,16
19001,1
19003,0
19005,46
19007,2
19009,1
19011,24
19013,420
19015,6
19017,34
19019,11
19021,3
19023,2
19025,0
19027,1
19029,1
19031,27
19033,14
19035,1
19037,3
19039,2
19041,3
19043,8
19045,44
19047,6
19049,67
19051,0
19053,0
19055,3
19057,13
19059,3
19061,52
19063,0
19065,7
19067,0
19069,1
19071,0
19073,1
19075,6
19077,5
19079,3
19081,3
19083,4
19085,15
19087,30
19089,4
19091,2
19093,0
19095,13
19097,5
19099,55
19101,7
19103,391
19105,18
19107,3
19109,1
19111,3
19113,479
19115,251
19117,0
19119,5
19121,3
19123,8
19125,5
19127,239
19129,2
19131,2
19133,7
19135,0
19137,1
19139,252
19141,3
19143,6
19145,5
19147,0
19149,9
19151,0
19153,486
19155,18
19157,20
19159,0
19161,0
19163,188
19165,9
19167,7
19169,22
19171,225
19173,1
19175,1
19177,8
19179,6
19181,18
19183,124
19185,0
19187,2
19189,2
19191,9
19193,120
19195,1
19197,2
20001,0
20003,0
20005,8
20007,1
20009,9
20011,6
20013,0
20015,13
20017,1
20019,3
20021,7
20023,0
20025,1
20027,4
20029,3
20031,48
20033,0
20035,1
20037,6
20039,0
20041,1
20043,3
20045,44
20047,1
20049,0
20051,8
20053,0
20055,127
20057,288
20059,12
20061,9
20063,1
20065,0
20067,0
20069,1
20071,0
20073,2
20075,1
20077,0
20079,5
20081,6
20083,0
20085,1
20087,7
20089,4
20091,403
20093,9
20095,0
20097,1
20099,20
20101,0
20103,154
20105,0
20107,6
20109,0
20111,158
20113,20
20115,5
20117,0
20119,0
20121,4
20123,2
20125,13
20127,3
20129,2
20131,0
20133,2
20135,0
20137,0
20139,5
20141,2
20143,3
20145,0
20147,1
20149,8
20151,1
20153,0
20155,17
20157,4
20159,1
20161,37
20163,4
20165,0
20167,0
20169,17
20171,1
20173,316
20175,249
20177,100
20179,2
20181,1
20183,2
20185,1
20187,4
20189,6
20191,3
20193,0
20195,0
20197,6
20199,0
20201,0
20203,0
20205,1
20207,5
20209,490
21001,63
21003,5
21005,7
21007,4
21009,8
21011,3
21013,0
21015,94
21017,6
21019,30
21021,13
21023,7
21025,2
21027,6
21029,36
21031,92
21033,12
21035,24
21037,64
21039,1
21041,2
21043,4
21045,1
21047,86
21049,19
21051,1
21053,2
21055,3
21057,4
21059,133
21061,7
21063,0
21065,0
21067,223
21069,2
21071,4
21073,14
21075,1
21077,1
21079,1
21081,18
21083,84
21085,25
21087,1
21089,10
21091,6
21093,32
21095,0
21097,17
21099,2
21101,40
21103,3
21105,2
21107,157
21109,58
21111,1008
21113,31
21115,1
21117,214
21119,4
21121,5
21123,5
21125,13
21127,1
21129,0
21131,2
21133,1
21135,3
21137,4
21139,1
21141,8
21143,14
21145,30
21147,11
21149,9
21151,23
21153,0
21155,13
21157,23
21159,3
21161,6
21163,3
21165,3
21167,11
21169,0
21171,3
21173,9
21175,1
21177,72
21179,14
21181,1
21183,26
21185,24
21187,0
21189,2
21191,5
21193,3
21195,6
21197,1
21199,38
21201,0
21203,11
21205,2
21207,16
21209,22
21211,23
21213,22
21215,9
21217,4
21219,9
21221,4
21223,2
21225,8
21227,130
21229,4
21231,6
21233,16
21235,10
21237,0
21239,19
22001,117
22003,81
22005,536
22007,158
22009,71
22011,35
22013,69
22015,255
22017,1389
22019,352
22021,17
22023,3
22025,24
22027,50
22029,27
22031,176
22033,1636
22035,5
22037,106
22039,44
22041,108
22043,11
22045,228
22047,299
22049,21
22051,5929
22053,57
22055,439
22057,603
22059,15
22061,62
22063,165
22065,5
22067,45
22069,62
22071,6263
22073,579
22075,165
22077,86
22079,220
22081,22
22083,45
22085,13
22087,435
22089,529
22091,23
22093,235
22095,721
22097,154
22099,210
22101,168
22103,1111
22105,501
22107,1
22109,357
22111,89
22113,33
22115,14
22117,225
22119,81
22121,90
22123,4
22125,84
22127,19
23001,37
23003,3
23005,414
23007,14
23009,8
23011,100
23013,13
23015,12
23017,14
23019,49
23021,1
23023,17
23025,16
23027,47
23029,2
23031,190
24001,77
24003,1294
24005,2132
24009,121
24011,50
24013,355
24015,140
24017,442
24019,31
24021,690
24023,4
24025,280
24027,618
24029,64
24031,3060
24033,4141
24035,33
24037,115
24039,12
24041,25
24043,139
24045,203
24047,39
24510,1672
25001,708
25003,418
25005,2181
25007,0
25009,6219
25011,203
25013,2836
25015,367
25017,10724
25019,0
25021,4541
25023,3529
25025,9739
25027,3798
26001,4
26003,0
26005,56
26007,47
26009,9
26011,15
26013,0
26015,28
26017,102
26019,4
26021,189
26023,44
26025,177
26027,23
26029,13
26031,14
26033,1
26035,10
26037,105
26039,43
26041,12
26043,3
26045,111
26047,21
26049,1387
26051,10
26053,4
26055,19
26057,8
26059,98
26061,2
26063,10
26065,370
26067,32
26069,21
26071,0
26073,54
26075,298
26077,229
26079,17
26081,815
26083,0
26085,2
26087,159
26089,8
26091,80
26093,312
26095,1
26097,5
26099,4862
26101,12
26103,35
26105,5
26107,13
26109,2
26111,51
26113,12
26115,255
26117,28
26119,5
26121,191
26123,12
26125,6634
26127,4
26129,8
26131,0
26133,8
26135,4
26137,83
26139,161
26141,8
26143,11
26145,507
26147,284
26149,27
26151,34
26153,3
26155,125
26157,76
26159,35
26161,960
26163,14994
26165,7
27001,1
27003,131
27005,2
27007,6
27009,4
27011,1
27013,26
27015,8
27017,38
27019,15
27021,5
27023,1
27025,7
27027,84
27029,2
27031,0
27033,6
27035,20
27037,131
27039,18
27041,2
27043,4
27045,12
27047,33
27049,19
27051,0
27053,1132
27055,1
27057,0
27059,6
27061,2
27063,5
27065,0
27067,4
27069,1
27071,1
27073,1
27075,0
27077,0
27079,22
27081,2
27083,6
27085,3
27087,1
27089,1
27091,41
27093,3
27095,1
27097,1
27099,27
27101,4
27103,8
27105,196
27107,6
27109,213
27111,6
27113,1
27115,26
27117,2
27119,19
27121,0
27123,235
27125,1
27127,1
27129,3
27131,8
27133,5
27135,1
27137,58
27139,29
27141,15
27143,1
27145,25
27147,10
27149,0
27151,1
27153,3
27155,2
27157,8
27159,0
27161,3
27163,100
27165,4
27167,11
27169,62
27171,32
27173,3
28001,101
28003,8
28005,24
28007,62
28009,9
28011,89
28013,43
28015,15
28017,52
28019,13
28021,12
28023,37
28025,28
28027,53
28029,59
28031,40
28033,252
28035,164
28037,17
28039,10
28041,4
28043,27
28045,55
28047,152
28049,383
28051,83
28053,14
28055,0
28057,30
28059,228
28061,27
28063,5
28065,13
28067,94
28069,27
28071,81
28073,79
28075,249
28077,25
28079,118
28081,66
28083,119
28085,125
28087,36
28089,165
28091,53
28093,40
28095,109
28097,16
28099,102
28101,45
28103,29
28105,45
28107,38
28109,142
28111,23
28113,126
28115,18
28117,29
28119,14
28121,153
28123,177
28125,4
28127,33
28129,53
28131,22
28133,51
28135,9
28137,35
28139,49
28141,5
28143,34
28145,14
28147,27
28149,32
28151,71
28153,17
28155,16
28157,65
28159,37
28161,17
28163,110
29001,12
29003,1
29005,2
29007,1
29009,5
29011,0
29013,6
29015,4
29017,3
29019,98
29021,43
29023,26
29025,2
29027,21
29029,35
29031,42
29033,1
29035,3
29037,55
29039,5
29041,4
29043,19
29045,1
29047,62
29049,11
29051,47
29053,5
29055,6
29057,0
29059,2
29061,2
29063,3
29065,0
29067,0
29069,19
29071,105
29073,2
29075,1
29077,92
29079,0
29081,6
29083,6
29085,0
29087,1
29089,2
29091,5
29093,2
29095,287
29097,30
29099,244
29101,52
29103,0
29105,0
29107,33
29109,0
29111,6
29113,58
29115,5
29117,2
29119,5
29121,2
29123,1
29125,2
29127,4
29129,0
29131,1
29133,3
29135,59
29137,0
29139,7
29141,3
29143,9
29145,10
29147,3
29149,1
29151,5
29153,0
29155,18
29157,38
29159,16
29161,1
29163,6
29165,28
29167,1
29169,30
29171,0
29173,1
29175,8
29177,10
29179,2
29181,4
29183,487
29185,2
29186,7
29187,26
29189,2518
29195,123
29197,0
29199,4
29201,59
29203,0
29205,1
29207,19
29209,3
29211,0
29213,10
29215,0
29217,4
29219,22
29221,7
29223,0
29225,13
29227,1
29229,9
29510,966
30001,1
30003,3
30005,0
30007,4
30009,6
30011,0
30013,13
30015,0
30017,0
30019,0
30021,0
30023,3
30025,0
30027,0
30029,37
30031,146
30033,0
30035,4
30037,3
30039,0
30041,1
30043,2
30045,0
30047,5
30049,16
30051,1
30053,7
30055,0
30057,8
30059,1
30061,0
30063,39
30065,1
30067,7
30069,0
30071,0
30073,2
30075,0
30077,0
30079,0
30081,5
30083,3
30085,7
30087,0
30089,0
30091,0
30093,11
30095,1
30097,0
30099,0
30101,29
30103,0
30105,0
30107,0
30109,0
30111,76
31001,111
31003,1
31005,0
31007,0
31009,0
31011,0
31013,1
31015,0
31017,0
31019,70
31021,1
31023,1
31025,4
31027,0
31029,0
31031,1
31033,5
31035,4
31037,6
31039,3
31041,20
31043,246
31045,0
31047,256
31049,0
31051,1
31053,41
31055,327
31057,0
31059,1
31061,3
31063,0
31065,2
31067,28
31069,0
31071,0
31073,8
31075,0
31077,1
31079,647
31081,28
31083,0
31085,0
31087,0
31089,0
31091,0
31093,9
31095,0
31097,2
31099,4
31101,0
31103,0
31105,9
31107,2
31109,106
31111,18
31113,0
31115,0
31117,0
31119,44
31121,9
31123,1
31125,1
31127,1
31129,0
31131,1
31133,0
31135,0
31137,1
31139,1
31141,11
31143,6
31145,1
31147,0
31149,0
31151,20
31153,61
31155,8
31157,23
31159,5
31161,0
31163,0
31165,0
31167,2
31169,0
31171,0
31173,1
31175,0
31177,21
31179,1
31181,2
31183,0
31185,7
32001,3
32003,3314
32005,17
32007,12
32009,0
32011,0
32013,34
32015,1
32017,0
32019,20
32021,2
32023,31
32027,0
32029,0
32031,736
32033,3
32510,31
33001,28
33003,30
33005,35
33007,2
33009,46
33011,721
33013,113
33015,551
33017,123
33019,10
34001,544
34003,14049
34005,1969
34007,2683
34009,236
34011,424
34013,11811
34015,899
34017,12681
34019,464
34021,2991
34023,9530
34025,5238
34027,4680
34029,5444
34031,9874
34033,164
34035,2798
34037,784
34039,10935
34041,719
35001,631
35003,1
35005,22
35006,38
35007,5
35009,10
35011,0
35013,88
35015,11
35017,14
35019,3
35021,1
35023,0
35025,8
35027,2
35028,6
35029,3
35031,573
35033,0
35035,5
35037,4
35039,11
35041,4
35043,345
35045,390
35047,2
35049,96
35051,0
35053,38
35055,17
35057,13
35059,0
35061,38
36001,758
36003,30
36005,0
36007,224
36009,37
36011,37
36013,26
36015,76
36017,82
36019,52
36021,123
36023,25
36025,50
36027,2460
36029,2450
36031,22
36033,13
36035,28
36037,126
36039,89
36041,3
36043,54
36045,56
36047,0
36049,9
36051,41
36053,106
36055,1152
36057,39
36059,32124
36061,145855
36063,295
36065,317
36067,600
36069,73
36071,6816
36073,59
36075,49
36077,50
36079,615
36081,0
36083,191
36085,0
36087,9828
36089,139
36091,265
36093,288
36095,21
36097,7
36099,18
36101,171
36103,29567
36105,580
36107,40
36109,119
36111,942
36113,119
36115,80
36117,53
36119,25959
36121,41
36123,11
37001,63
37003,4
37005,2
37007,19
37009,4
37011,0
37013,16
37015,31
37017,5
37019,39
37021,49
37023,83
37025,236
37027,26
37029,0
37031,27
37033,13
37035,47
37037,156
37039,16
37041,6
37043,6
37045,45
37047,76
37049,37
37051,154
37053,2
37055,15
37057,107
37059,24
37061,41
37063,500
37065,62
37067,143
37069,77
37071,126
37073,6
37075,0
37077,123
37079,14
37081,240
37083,40
37085,74
37087,5
37089,145
37091,14
37093,34
37095,0
37097,94
37099,5
37101,125
37103,12
37105,65
37107,34
37109,25
37111,21
37113,2
37115,0
37117,12
37119,1377
37121,5
37123,19
37125,104
37127,74
37129,74
37131,75
37133,39
37135,199
37137,6
37139,33
37141,11
37143,8
37145,19
37147,101
37149,11
37151,97
37153,28
37155,53
37157,22
37159,290
37161,92
37163,25
37165,16
37167,24
37169,11
37171,12
37173,0
37175,7
37177,4
37179,186
37181,38
37183,633
37185,3
37187,22
37189,8
37191,597
37193,8
37195,130
37197,12
37199,0
38001,0
38003,3
38005,0
38007,0
38009,0
38011,1
38013,3
38015,67
38017,290
38019,0
38021,0
38023,1
38025,10
38027,1
38029,1
38031,1
38033,0
38035,162
38037,1
38039,0
38041,0
38043,0
38045,0
38047,0
38049,1
38051,1
38053,10
38055,3
38057,0
38059,23
38061,33
38063,1
38065,1
38067,0
38069,2
38071,3
38073,0
38075,0
38077,7
38079,1
38081,1
38083,0
38085,1
38087,3
38089,40
38091,0
38093,3
38095,0
38097,0
38099,3
38101,21
38103,1
38105,9
39001,4
39003,100
39005,5
39007,98
39009,4
39011,29
39013,95
39015,11
39017,201
39019,18
39021,8
39023,29
39025,76
39027,27
39029,208
39031,16
39033,37
39035,1768
39037,62
39039,17
39041,132
39043,43
39045,109
39047,13
39049,1673
39051,18
39053,6
39055,119
39057,40
39059,15
39061,868
39063,32
39065,20
39067,2
39069,4
39071,8
39073,5
39075,5
39077,24
39079,4
39081,33
39083,14
39085,148
39087,22
39089,104
39091,15
39093,344
39095,936
39097,38
39099,666
39101,2161
39103,148
39105,2
39107,16
39109,134
39111,2
39113,250
39115,4
39117,25
39119,10
39121,3
39123,34
39125,7
39127,11
39129,1661
39131,2
39133,206
39135,25
39137,47
39139,70
39141,30
39143,20
39145,6
39147,11
39149,30
39151,290
39153,447
39155,272
39157,42
39159,16
39161,3
39163,0
39165,124
39167,75
39169,88
39171,23
39173,105
39175,21
40001,50
40003,1
40005,1
40007,1
40009,2
40011,0
40013,6
40015,53
40017,86
40019,2
40021,25
40023,3
40025,1
40027,388
40029,0
40031,75
40033,5
40035,9
40037,71
40039,10
40041,89
40043,2
40045,0
40047,11
40049,13
40051,31
40053,2
40055,63
40057,0
40059,1
40061,3
40063,0
40065,13
40067,2
40069,3
40071,47
40073,6
40075,4
40077,4
40079,8
40081,10
40083,11
40085,2
40087,28
40089,8
40091,2
40093,2
40095,2
40097,19
40099,1
40101,26
40103,6
40105,16
40107,1
40109,634
40111,16
40113,68
40115,29
40117,28
40119,40
40121,22
40123,10
40125,38
40127,0
40129,0
40131,44
40133,8
40135,10
40137,19
40139,46
40141,1
40143,454
40145,112
40147,208
40149,0
40151,3
40153,2
41001,0
41003,27
41005,191
41007,6
41009,14
41011,4
41013,1
41015,4
41017,70
41019,24
41021,0
41023,1
41025,0
41027,5
41029,48
41031,2
41033,19
41035,36
41037,0
41039,48
41041,5
41043,67
41045,6
41047,397
41049,5
41051,582
41053,33
41055,1
41057,6
41059,30
41061,4
41063,1
41065,12
41067,443
41069,0
41071,35
42001,95
42003,1149
42005,43
42007,319
42009,20
42011,2212
42013,15
42015,28
42017,2321
42019,164
42021,20
42023,1
42025,155
42027,76
42029,989
42031,20
42033,11
42035,14
42037,245
42039,19
42041,229
42043,445
42045,2902
42047,2
42049,68
42051,71
42053,7
42055,151
42057,2
42059,25
42061,20
42063,59
42065,4
42067,77
42069,707
42071,1359
42073,61
42075,544
42077,2418
42079,1880
42081,44
42083,5
42085,60
42087,24
42089,1024
42091,3395
42093,47
42095,1656
42097,82
42099,23
42101,11226
42103,327
42105,4
42107,290
42109,31
42111,20
42113,1
42115,72
42117,14
42119,30
42121,7
42123,1
42125,92
42127,87
42129,307
42131,17
42133,546
44001,95
44003,432
44005,117
44007,4350
44009,256
45001,23
45003,84
45005,7
45007,137
45009,7
45011,10
45013,241
45015,152
45017,6
45019,412
45021,13
45023,26
45025,39
45027,151
45029,23
45031,92
45033,28
45035,84
45037,21
45039,27
45041,195
45043,36
45045,558
45047,41
45049,21
45051,196
45053,15
45055,208
45057,79
45059,21
45061,45
45063,294
45065,6
45067,22
45069,33
45071,21
45073,20
45075,52
45077,44
45079,736
45081,19
45083,237
45085,207
45087,24
45089,33
45091,171
46003,1
46005,21
46007,0
46009,4
46011,9
46013,28
46015,0
46017,0
46019,0
46021,0
46023,4
46025,1
46027,5
46029,13
46031,1
46033,0
46035,5
46037,0
46039,1
46041,0
46043,0
46045,0
46047,1
46049,1
46051,0
46053,0
46055,0
46057,2
46059,0
46061,0
46063,0
46065,7
46067,2
46069,1
46071,0
46073,5
46075,0
46077,0
46079,3
46081,9
46083,110
46085,2
46087,4
46089,0
46091,1
46093,1
46095,0
46097,1
46099,1636
46101,2
46102,1
46103,11
46105,0
46107,0
46109,4
46111,3
46115,3
46117,0
46119,1
46121,1
46123,0
46125,13
46127,8
46129,5
46135,25
46137,0
47001,23
47003,130
47005,5
47007,351
47009,48
47011,38
47013,13
47015,10
47017,14
47019,6
47021,28
47023,10
47025,5
47027,5
47029,14
47031,25
47033,6
47035,61
47037,1934
47039,4
47041,10
47043,56
47045,30
47047,48
47049,4
47051,28
47053,32
47055,6
47057,4
47059,38
47061,27
47063,14
47065,129
47067,0
47069,8
47071,4
47073,28
47075,14
47077,5
47079,11
47081,16
47083,4
47085,7
47087,6
47089,16
47091,2
47093,203
47095,20
47097,16
47099,16
47101,2
47103,11
47105,24
47107,6
47109,10
47111,35
47113,96
47115,28
47117,22
47119,35
47121,5
47123,12
47125,130
47127,3
47129,5
47131,12
47133,7
47135,8
47137,0
47139,7
47141,101
47143,4
47145,8
47147,126
47149,352
47151,11
47153,3
47155,34
47157,1953
47159,18
47161,7
47163,47
47165,556
47167,87
47169,27
47171,1
47173,3
47175,1
47177,4
47179,46
47181,2
47183,9
47185,4
47187,369
47189,196
48001,16
48003,19
48005,33
48007,2
48009,0
48011,1
48013,14
48015,12
48017,0
48019,4
48021,53
48023,0
48025,6
48027,153
48029,1167
48031,6
48033,0
48035,3
48037,66
48039,392
48041,177
48043,0
48045,0
48047,1
48049,17
48051,11
48053,14
48055,10
48057,23
48059,1
48061,333
48063,6
48065,1
48067,13
48069,13
48071,41
48073,12
48075,1
48077,3
48079,1
48081,0
48083,0
48085,609
48087,0
48089,10
48091,47
48093,4
48095,1
48097,4
48099,86
48101,0
48103,2
48105,0
48107,1
48109,0
48111,3
48113,2763
48115,18
48117,17
48119,1
48121,661
48123,14
48125,1
48127,1
48129,24
48131,1
48133,3
48135,62
48137,0
48139,111
48141,674
48143,13
48145,1
48147,13
48149,15
48151,0
48153,3
48155,0
48157,889
48159,1
48161,3
48163,1
48165,2
48167,507
48169,0
48171,1
48173,0
48175,6
48177,4
48179,27
48181,19
48183,59
48185,10
48187,64
48189,16
48191,0
48193,5
48195,2
48197,0
48199,92
48201,5330
48203,63
48205,2
48207,0
48209,147
48211,1
48213,22
48215,281
48217,14
48219,18
48221,17
48223,4
48225,4
48227,2
48229,0
48231,38
48233,9
48235,0
48237,4
48239,6
48241,14
48243,0
48245,240
48247,1
48249,2
48251,50
48253,4
48255,3
48257,58
48259,15
48261,0
48263,0
48265,5
48267,0
48269,0
48271,0
48273,7
48275,1
48277,8
48279,2
48281,2
48283,1
48285,5
48287,2
48289,5
48291,37
48293,11
48295,0
48297,5
48299,3
48301,0
48303,481
48305,5
48307,3
48309,81
48311,0
48313,2
48315,6
48317,2
48319,1
48321,57
48323,15
48325,17
48327,0
48329,67
48331,13
48333,0
48335,1
48337,6
48339,467
48341,172
48343,5
48345,1
48347,111
48349,25
48351,2
48353,0
48355,91
48357,0
48359,3
48361,63
48363,7
48365,75
48367,22
48369,3
48371,6
48373,18
48375,204
48377,0
48379,2
48381,125
48383,0
48385,0
48387,1
48389,2
48391,0
48393,2
48395,2
48397,48
48399,0
48401,30
48403,1
48405,15
48407,10
48409,11
48411,0
48413,0
48415,2
48417,0
48419,85
48421,10
48423,131
48425,0
48427,7
48429,1
48431,0
48433,0
48435,0
48437,6
48439,1559
48441,191
48443,0
48445,10
48447,0
48449,12
48451,41
48453,1312
48455,8
48457,6
48459,12
48461,0
48463,6
48465,12
48467,13
48469,105
48471,136
48473,27
48475,0
48477,78
48479,321
48481,36
48483,1
48485,62
48487,1
48489,10
48491,167
48493,25
48495,3
48497,14
48499,7
48501,1
48503,4
48505,7
48507,1
49001,0
49003,0
49005,0
49007,0
49009,0
49011,254
49013,0
49015,0
49017,0
49019,0
49021,0
49023,0
49025,0
49027,0
49029,0
49031,0
49033,0
49035,1889
49037,37
49039,0
49041,0
49043,343
49045,46
49047,0
49049,611
49051,127
49053,0
49055,0
49057,0
50001,61
50003,37
50005,12
50007,395
50009,2
50011,90
50013,3
50015,25
50017,6
50019,9
50021,44
50023,33
50025,67
50027,38
51001,76
51003,71
51005,5
51007,15
51009,9
51011,12
51013,686
51015,33
51017,0
51019,21
51021,0
51023,26
51025,13
51027,12
51029,31
51031,10
51033,21
51035,3
51036,12
51037,8
51041,402
51043,7
51045,2
51047,84
51049,10
51051,0
51053,12
51057,3
51059,2362
51061,64
51063,1
51065,72
51067,17
51069,87
51071,4
51073,21
51075,63
51077,0
51079,10
51081,30
51083,13
51085,99
51087,718
51089,10
51091,1
51093,91
51095,149
51097,2
51099,21
51101,3
51103,1
51105,7
51107,498
51109,38
51111,3
51113,14
51115,3
51117,71
51119,3
51121,50
51125,7
51127,20
51131,12
51133,6
51135,8
51137,22
51139,22
51141,1
51143,11
51145,9
51147,29
51149,29
51153,1027
51155,9
51157,1
51159,66
51161,34
51163,5
51165,163
51167,2
51169,5
51171,58
51173,13
51175,71
51177,94
51179,180
51181,4
51183,25
51185,4
51187,30
51191,30
51193,14
51195,20
51197,11
51199,43
51510,512
51520,1
51530,5
51540,44
51550,186
51570,41
51580,1
51590,31
51595,18
51600,26
51610,25
51620,15
51630,20
51640,1
51650,99
51660,346
51670,19
51678,3
51680,47
51683,127
51685,38
51690,0
51700,105
51710,136
51720,2
51730,27
51735,6
51740,98
51750,2
51760,259
51770,28
51775,8
51790,10
51800,136
51810,328
51820,9
51830,14
51840,30
53001,45
53003,16
53005,365
53007,88
53009,14
53011,291
53013,1
53015,35
53017,63
53019,1
53021,233
53023,0
53025,146
53027,12
53029,160
53031,28
53033,5532
53035,144
53037,14
53039,16
53041,22
53043,2
53045,22
53047,16
53049,4
53051,2
53053,1192
53055,14
53057,280
53059,3
53061,2216
53063,320
53065,9
53067,96
53069,2
53071,41
53073,282
53075,13
53077,879
54001,4
54003,127
54005,2
54007,1
54009,3
54011,38
54013,0
54015,0
54017,0
54019,8
54021,0
54023,1
54025,3
54027,7
54029,7
54031,3
54033,30
54035,112
54037,67
54039,142
54041,3
54043,1
54045,11
54047,6
54049,44
54051,8
54053,11
54055,9
54057,11
54059,2
54061,89
54063,5
54065,7
54067,5
54069,24
54071,1
54073,2
54075,0
54077,12
54079,19
54081,8
54083,4
54085,0
54087,4
54089,1
54091,5
54093,4
54095,3
54097,4
54099,81
54101,0
54103,3
54105,3
54107,35
54109,1
55001,4
55003,2
55005,6
55007,3
55009,455
55011,4
55013,0
55015,6
55017,20
55019,18
55021,27
55023,3
55025,387
55027,20
55029,9
55031,9
55033,9
55035,23
55037,2
55039,66
55041,0
55043,26
55045,10
55047,1
55049,7
55051,2
55053,12
55055,37
55057,11
55059,294
55061,10
55063,25
55065,4
55067,0
55069,0
55071,7
55073,17
55075,8
55077,3
55078,1
55079,2382
55081,14
55083,5
55085,6
55087,38
55089,80
55091,0
55093,8
55095,4
55097,4
55099,1
55101,215
55103,10
55105,99
55107,4
55109,13
55111,37
55113,2
55115,6
55117,44
55119,0
55121,1
55123,0
55125,4
55127,100
55129,1
55131,90
55133,280
55135,6
55137,2
55139,46
55141,2
56001,6
56003,2
56005,18
56007,4
56009,16
56011,5
56013,59
56015,4
56017,3
56019,15
56021,117
56023,9
56025,49
56027,2
56029,1
56031,0
56033,16
56035,3
56037,16
56039,93
56041,7
56043,8
56045,0
NA,23
NA,461
80001,0
80002,0
80004,0
80005,0
80006,0
80008,0
80009,0
80010,0
80011,0
80012,0
80013,978
80015,6
80016,0
80017,0
80018,0
80019,0
80020,0
80021,0
80022,0
80023,0
80024,0
80025,0
80026,39
80027,0
80028,0
80029,0
80030,0
80031,0
80032,0
80033,0
80034,0
80035,0
80036,0
80037,0
80038,0
80039,0
80040,0
80041,0
80042,0
80044,0
80045,0
80046,0
80047,277
80048,0
80049,0
80050,0
80051,0
80053,0
80054,0
80055,0
80056,0
88888,49
90001,0
90002,0
90004,0
90005,127
90006,0
90008,108
90009,522
90010,3
90011,0
90012,0
90013,361
90015,0
90016,0
90017,193
90018,0
90019,3
90020,0
90021,67
90022,62
90023,0
90024,0
90025,737
90026,4
90027,3
90028,0
90029,1
90030,0
90031,7
90032,4
90033,11
90034,1108
90035,0
90036,0
90037,0
90038,0
90039,0
90040,0
90041,0
90042,0
90044,1006
90045,0
90046,0
90047,30
90048,0
90049,0
90050,3
90051,0
90053,134
90054,0
90055,0
90056,0
99999,103
NA,759
NA,66
NA,56
NA,21
NA,7
NA,76
NA,9
NA,136
90049,0